Rk,Players,Nation,Pos,Squad,Age,Born,MP,Starts,Min,90s,Gls,Ast,G+A,G-PK,PK,PKatt,CrdY,CrdR,xG,npxG,xAG,npxG+xAG,PrgC,PrgP,PrgR,Gls,Ast,G+A,G-PK,G+A-PK,xG,xAG,xG+xAG,npxG,npxG+xAG,Matches,-9999
1,Brenden Aaronson,us USA,MFFW,Leeds United,22-107,2000,19,19,1568,17.4,1,2,3,1,0,0,2,0,2.4,2.4,3.1,5.4,27,56,99,0.06,0.11,0.17,0.06,0.17,0.14,0.18,0.31,0.14,0.31,Matches,5bc43860
2,Che Adams,sct SCO,FW,Southampton,26-208,1996,20,18,1560,17.3,4,2,6,4,0,0,0,0,4.6,4.6,2.5,7.1,11,23,79,0.23,0.12,0.35,0.23,0.35,0.27,0.14,0.41,0.27,0.41,Matches,f2bf1b0f
3,Tyler Adams,us USA,MF,Leeds United,23-357,1999,18,18,1616,18,0,0,0,0,0,0,4,1,0,0,1.3,1.3,13,106,18,0,0,0,0,0,0,0.07,0.07,0,0.07,Matches,2b09d998
4,Tosin Adarabioyo,eng ENG,DF,Fulham,25-135,1997,14,12,1095,12.2,1,0,1,1,0,0,2,0,0.2,0.2,0,0.2,6,36,1,0.08,0,0.08,0.08,0.08,0.01,0,0.01,0.01,0.01,Matches,c81d773d
5,Nayef Aguerd,ma MAR,DF,West Ham,26-313,1996,5,4,436,4.8,0,0,0,0,0,0,3,0,0.7,0.7,0,0.8,1,9,1,0,0,0,0,0,0.15,0.01,0.16,0.15,0.16,Matches,288e1e13
6,Naouirou Ahamada,fr FRA,MF,Crystal Palace,20-314,2002,1,0,9,0.1,0,0,0,0,0,0,0,0,0,0,0,0,1,1,2,0,0,0,0,0,0.34,0,0.34,0.34,0.34,Matches,a6c58494
7,Rayan Aït Nouri,fr FRA,DF,Wolves,21-245,2001,16,8,869,9.7,1,0,1,1,0,0,2,0,0.7,0.7,1,1.7,25,36,67,0.1,0,0.1,0.1,0.1,0.07,0.1,0.18,0.07,0.18,Matches,9b398aea
8,Kristoffer Ajer,no NOR,DF,Brentford,24-295,1998,8,8,673,7.5,0,0,0,0,0,0,0,0,0,0,0,0.1,10,27,10,0,0,0,0,0,0,0,0.01,0,0.01,Matches,a8c0acb7
9,Manuel Akanji,ch SUI,DF,Manchester City,27-202,1995,15,14,1286,14.3,0,1,1,0,0,0,1,0,0.7,0.7,0.2,0.9,18,68,8,0,0.07,0.07,0,0.07,0.05,0.01,0.06,0.05,0.06,Matches,89ac64a6
10,Nathan Aké,nl NED,DF,Manchester City,27-353,1995,15,13,1156,12.8,0,0,0,0,0,0,0,0,0.2,0.2,0.3,0.5,14,94,15,0,0,0,0,0,0.02,0.02,0.04,0.02,0.04,Matches,eaeca114
11,Marc Albrighton,eng ENG,FWMF,Leicester City,33-080,1989,6,1,237,2.6,1,0,1,1,0,0,0,0,0.3,0.3,0.9,1.3,5,7,18,0.38,0,0.38,0.38,0.38,0.13,0.34,0.48,0.13,0.48,Matches,b827d5b3
12,Thiago Alcántara,es ESP,MF,Liverpool,31-301,1991,14,14,1154,12.8,0,0,0,0,0,0,2,0,0.4,0.4,1.1,1.5,12,107,22,0,0,0,0,0,0.03,0.08,0.12,0.03,0.12,Matches,77e84962
13,Carlos Alcaraz,ar ARG,MF,Southampton,20-068,2002,2,0,56,0.6,0,0,0,0,0,0,0,0,0,0,0,0,3,1,0,0,0,0,0,0,0.04,0.04,0.08,0.04,0.08,Matches,4abac767
14,Trent Alexander-Arnold,eng ENG,DF,Liverpool,24-122,1998,20,17,1441,16,1,1,2,1,0,0,3,0,1.4,1.4,4.3,5.8,24,116,85,0.06,0.06,0.12,0.06,0.12,0.09,0.27,0.36,0.09,0.36,Matches,cd1acf9d
15,Alisson,br BRA,GK,Liverpool,30-127,1992,20,20,1800,20,0,1,1,0,0,0,0,0,0,0,0.3,0.3,0,1,0,0,0.05,0.05,0,0.05,0,0.01,0.01,0,0.01,Matches,7a2e46a8
16,Dele Alli,eng ENG,MF,Everton,26-301,1996,2,0,40,0.4,0,0,0,0,0,0,0,0,0,0,0,0,0,1,1,0,0,0,0,0,0,0,0,0,0,Matches,cea4ee8f
17,Miguel Almirón,py PAR,FW,Newcastle Utd,28-361,1994,21,21,1736,19.3,9,1,10,9,0,0,1,0,5.4,5.4,1.5,6.9,54,91,177,0.47,0.05,0.52,0.47,0.52,0.28,0.08,0.36,0.28,0.36,Matches,862a1c15
18,Julián Álvarez,ar ARG,FWMF,Manchester City,23-006,2000,16,5,578,6.4,4,0,4,4,0,0,0,0,2.2,2.2,0.5,2.7,19,18,45,0.62,0,0.62,0.62,0.62,0.34,0.08,0.42,0.34,0.42,Matches,15ab5a2b
19,Daniel Amartey,gh GHA,DF,Leicester City,28-047,1994,17,15,1365,15.2,0,0,0,0,0,0,1,0,0.1,0.1,0.5,0.6,18,62,5,0,0,0,0,0,0,0.04,0.04,0,0.04,Matches,1a4ef233
20,Joachim Andersen,dk DEN,DF,Crystal Palace,26-251,1996,17,17,1477,16.4,1,0,1,1,0,0,3,0,1.1,1.1,0.4,1.4,4,44,5,0.06,0,0.06,0.06,0.06,0.07,0.02,0.09,0.07,0.09,Matches,e34fc66d
21,Elliot Anderson,sct SCO,FWMF,Newcastle Utd,20-092,2002,9,0,114,1.3,0,0,0,0,0,0,0,0,0.5,0.5,0.5,1,14,7,12,0,0,0,0,0,0.38,0.4,0.78,0.38,0.78,Matches,de31038e
22,Jaidon Anthony,eng ENG,MFFW,Bournemouth,23-067,1999,16,6,721,8,3,0,3,3,0,0,1,0,1.4,1.4,0.5,1.9,18,32,41,0.37,0,0.37,0.37,0.37,0.18,0.06,0.24,0.18,0.24,Matches,e4238fb1
23,Michail Antonio,jm JAM,FW,West Ham,32-315,1990,20,10,985,10.9,2,2,4,2,0,0,1,0,2.5,2.5,1,3.5,23,16,63,0.18,0.18,0.37,0.18,0.37,0.23,0.09,0.32,0.23,0.32,Matches,ac05f970
24,Antony,br BRA,FW,Manchester Utd,22-347,2000,12,11,908,10.1,3,0,3,3,0,0,3,0,2.7,2.7,0.4,3.2,48,28,80,0.3,0,0.3,0.3,0.3,0.27,0.04,0.32,0.27,0.32,Matches,99127249
25,Cameron Archer,eng ENG,FWMF,Aston Villa,21-200,2001,6,0,49,0.5,0,0,0,0,0,0,0,0,0,0,0,0,3,0,3,0,0,0,0,0,0,0,0,0,0,Matches,05e8ca6d
26,Alphonse Areola,fr FRA,GK,West Ham,29-344,1993,2,0,107,1.2,0,0,0,0,0,0,0,0,0,0,0,0,0,0,0,0,0,0,0,0,0,0,0,0,0,Matches,2f965a72
27,Joe Aribo,ng NGA,MFFW,Southampton,26-200,1996,18,11,1082,12,2,0,2,2,0,0,2,0,1.4,1.4,0.8,2.2,17,35,57,0.17,0,0.17,0.17,0.17,0.12,0.07,0.19,0.12,0.19,Matches,328f7d51
28,Adam Armstrong,eng ENG,FW,Southampton,25-361,1997,20,12,1027,11.4,1,1,2,1,0,0,0,0,1.5,1.5,0.7,2.1,33,15,53,0.09,0.09,0.18,0.09,0.18,0.13,0.06,0.19,0.13,0.19,Matches,68c720b5
29,Stuart Armstrong,sct SCO,MFFW,Southampton,30-313,1992,17,7,765,8.5,1,0,1,1,0,0,3,0,1.1,1.1,1.7,2.8,34,48,49,0.12,0,0.12,0.12,0.12,0.13,0.2,0.33,0.13,0.33,Matches,97333cf5
30,Kepa Arrizabalaga,es ESP,GK,Chelsea,28-126,1994,13,13,1125,12.5,0,0,0,0,0,0,0,0,0,0,0,0,0,0,0,0,0,0,0,0,0,0,0,0,0,Matches,28d596a0
31,Pierre-Emerick Aubameyang,ga GAB,FW,Chelsea,33-233,1989,11,4,433,4.8,1,0,1,1,0,0,1,0,0.7,0.7,0.3,1,7,3,22,0.21,0,0.21,0.21,0.21,0.15,0.07,0.22,0.15,0.22,Matches,d5dd5f1f
32,Ludwig Augustinsson,se SWE,DF,Aston Villa,28-291,1994,3,1,77,0.9,0,0,0,0,0,0,1,0,0.1,0.1,0,0.1,0,0,3,0,0,0,0,0,0.1,0,0.1,0.1,0.1,Matches,9fec8860
33,Serge Aurier,ci CIV,DF,Nott'ham Forest,30-044,1992,13,11,992,11,1,0,1,1,0,0,1,0,0.5,0.5,0.8,1.3,28,41,34,0.09,0,0.09,0.09,0.09,0.04,0.07,0.11,0.04,0.11,Matches,5c2b4f07
34,Taiwo Awoniyi,ng NGA,FW,Nott'ham Forest,25-178,1997,16,9,730,8.1,4,0,4,4,0,0,0,0,4.5,4.5,1,5.5,11,7,33,0.49,0,0.49,0.49,0.49,0.56,0.12,0.68,0.56,0.68,Matches,e5478b87
35,André Ayew,gh GHA,FW,Nott'ham Forest,33-051,1989,1,0,1,0,0,0,0,0,0,0,0,0,0,0,0,0,0,0,0,0,0,0,0,0,0,0,0,0,0,Matches,5dbefa9d
36,Jordan Ayew,gh GHA,FWMF,Crystal Palace,31-148,1991,21,17,1407,15.6,1,1,2,1,0,0,1,0,1.4,1.4,1.2,2.6,40,26,83,0.06,0.06,0.13,0.06,0.13,0.09,0.08,0.16,0.09,0.16,Matches,da052c14
37,Luke Ayling,eng ENG,DF,Leeds United,31-165,1991,13,6,614,6.8,0,1,1,0,0,0,1,0,0.4,0.4,0.8,1.2,8,32,37,0,0.15,0.15,0,0.15,0.05,0.12,0.18,0.05,0.18,Matches,420d7c7d
38,César Azpilicueta,es ESP,DF,Chelsea,33-162,1989,18,10,1023,11.4,0,0,0,0,0,0,3,0,0.2,0.2,0.8,1,15,54,55,0,0,0,0,0,0.02,0.07,0.09,0.02,0.09,Matches,53cad200
39,Benoît Badiashile,fr FRA,DF,Chelsea,21-317,2001,3,3,270,3,0,0,0,0,0,0,0,0,0.4,0.4,0.4,0.8,4,10,1,0,0,0,0,0,0.14,0.13,0.28,0.14,0.28,Matches,06df8256
40,Leon Bailey,jm JAM,FWMF,Aston Villa,25-181,1997,20,17,1317,14.6,4,2,6,4,0,0,4,0,4.3,4.3,2.3,6.7,54,20,122,0.27,0.14,0.41,0.27,0.41,0.3,0.16,0.46,0.3,0.46,Matches,3a233281
41,Stefan Bajcetic,es ESP,MF,Liverpool,18-107,2004,5,2,195,2.2,1,0,1,1,0,0,1,0,0.6,0.6,0.2,0.8,3,10,0,0.46,0,0.46,0.46,0.46,0.27,0.11,0.38,0.27,0.38,Matches,32e8417f
42,Patrick Bamford,eng ENG,FW,Leeds United,29-154,1993,13,5,531,5.9,1,1,2,1,0,1,0,0,4.8,4,0.5,4.5,5,8,39,0.17,0.17,0.34,0.17,0.34,0.81,0.08,0.89,0.68,0.76,Matches,93feac6e
43,Shandon Baptiste,gd GRN,MF,Brentford,24-304,1998,12,4,431,4.8,0,0,0,0,0,0,1,0,0.2,0.2,0.7,0.9,8,26,18,0,0,0,0,0,0.04,0.15,0.19,0.04,0.19,Matches,2886c9b5
44,Harvey Barnes,eng ENG,MFFW,Leicester City,25-059,1997,19,19,1606,17.8,7,1,8,7,0,0,0,0,5.5,5.5,1.1,6.6,54,42,161,0.39,0.06,0.45,0.39,0.45,0.31,0.06,0.37,0.31,0.37,Matches,3ea50f67
45,Gavin Bazunu,ie IRL,GK,Southampton,20-351,2002,21,21,1890,21,0,0,0,0,0,0,0,0,0,0,0.1,0.1,0,1,0,0,0,0,0,0,0,0,0,0,0,Matches,c91441dc
46,Mads Bech Sørensen,dk DEN,DFMF,Brentford,24-030,1999,4,0,21,0.2,0,0,0,0,0,0,0,0,0,0,0,0,0,1,0,0,0,0,0,0,0,0,0,0,0,Matches,30db8574
47,Jan Bednarek,pl POL,DF,Aston Villa,26-300,1996,3,1,100,1.1,0,0,0,0,0,0,0,0,0,0,0,0,1,5,0,0,0,0,0,0,0,0,0,0,0,Matches,4115ce4e
48,Jan Bednarek,pl POL,DF,Southampton,26-300,1996,3,3,249,2.8,0,0,0,0,0,0,0,0,0.1,0.1,0.1,0.2,0,7,1,0,0,0,0,0,0.03,0.02,0.06,0.03,0.06,Matches,4115ce4e
49,Donny van de Beek,nl NED,MF,Manchester Utd,25-294,1997,7,2,167,1.9,0,0,0,0,0,0,0,0,0.1,0.1,0.1,0.2,2,6,20,0,0,0,0,0,0.05,0.06,0.11,0.05,0.11,Matches,50dc94ce
50,Asmir Begović,ba BIH,GK,Everton,35-231,1987,1,1,90,1,0,0,0,0,0,0,0,0,0,0,0,0,0,0,0,0,0,0,0,0,0,0,0,0,0,Matches,7b4de647
51,Armel Bella Kotchap,de GER,DF,Southampton,21-057,2001,13,13,1026,11.4,0,1,1,0,0,0,1,0,0.7,0.7,0.2,0.8,3,17,2,0,0.09,0.09,0,0.09,0.06,0.02,0.07,0.06,0.07,Matches,a39d11bc
52,Saïd Benrahma,dz ALG,FWMF,West Ham,27-180,1995,19,11,1127,12.5,3,1,4,1,2,2,0,0,3.6,2,1.7,3.7,56,44,151,0.24,0.08,0.32,0.08,0.16,0.29,0.14,0.42,0.16,0.3,Matches,5a04fd92
53,Rodrigo Bentancur,uy URU,MF,Tottenham,25-226,1997,17,16,1436,16,4,2,6,4,0,0,7,0,1.4,1.4,0.8,2.2,24,71,18,0.25,0.13,0.38,0.25,0.38,0.09,0.05,0.14,0.09,0.14,Matches,3b8674e6
54,Victor Bernth Kristiansen,dk DEN,DF,Leicester City,20-052,2002,1,1,80,0.9,0,0,0,0,0,0,0,0,0,0,0,0,3,0,2,0,0,0,0,0,0,0,0,0,0,Matches,505486d6
55,Owen Bevan,wls WAL,DF,Bournemouth,19-103,2003,1,0,9,0.1,0,0,0,0,0,0,0,0,0,0,0,0,0,0,0,0,0,0,0,0,0,0,0,0,0,Matches,87966294
56,Giulian Biancone,fr FRA,DF,Nott'ham Forest,22-312,2000,2,0,17,0.2,0,0,0,0,0,0,0,0,0,0,0,0,2,0,1,0,0,0,0,0,0,0,0,0,0,Matches,de40e38c
57,Philip Billing,dk DEN,MFFW,Bournemouth,26-240,1996,20,18,1465,16.3,4,1,5,4,0,0,2,0,1.6,1.6,1.6,3.2,22,35,58,0.25,0.06,0.31,0.25,0.31,0.1,0.1,0.2,0.1,0.2,Matches,d328a254
58,Yves Bissouma,ml MLI,MF,Tottenham,26-160,1996,20,8,814,9,0,0,0,0,0,0,5,0,0.2,0.2,0.5,0.7,10,45,7,0,0,0,0,0,0.02,0.06,0.08,0.02,0.08,Matches,6c203af0
59,Willy Boly,ci CIV,DF,Nott'ham Forest,32-003,1991,7,7,586,6.5,0,1,1,0,0,0,2,0,0,0,0.2,0.2,1,10,0,0,0.15,0.15,0,0.15,0,0.03,0.03,0,0.03,Matches,a4ac4b8f
60,Sven Botman,nl NED,DF,Newcastle Utd,23-025,2000,19,18,1597,17.7,0,0,0,0,0,0,0,0,0.8,0.8,0.9,1.7,5,43,3,0,0,0,0,0,0.05,0.05,0.09,0.05,0.09,Matches,ccce7025
61,Jarrod Bowen,eng ENG,FWMF,West Ham,26-048,1996,21,21,1880,20.9,4,0,4,3,1,2,1,0,6.2,5.2,3.1,8.3,47,46,126,0.19,0,0.19,0.14,0.14,0.3,0.15,0.45,0.25,0.4,Matches,79c84d1c
62,James Bree,eng ENG,DF,Southampton,25-118,1997,1,1,90,1,0,0,0,0,0,0,0,0,0,0,0.2,0.2,1,1,2,0,0,0,0,0,0,0.2,0.2,0,0.2,Matches,c07b7c5c
63,Armando Broja,al ALB,FW,Chelsea,21-149,2001,12,2,294,3.3,1,0,1,1,0,0,0,0,0.8,0.8,0.1,0.9,7,4,17,0.31,0,0.31,0.31,0.31,0.26,0.02,0.27,0.26,0.27,Matches,97220da2
64,Lewis Brunt,eng ENG,DF,Leicester City,22-092,2000,1,0,23,0.3,0,0,0,0,0,0,0,0,0,0,0,0,0,0,2,0,0,0,0,0,0,0,0,0,0,Matches,a2081c6b
65,Bryan,es ESP,MFFW,Tottenham,21-360,2001,4,2,148,1.6,0,1,1,0,0,0,1,0,0.1,0.1,0.2,0.3,4,5,15,0,0.61,0.61,0,0.61,0.06,0.11,0.17,0.06,0.17,Matches,7b5ab7f2
66,Emi Buendía,ar ARG,MFFW,Aston Villa,26-043,1996,21,13,1220,13.6,3,0,3,3,0,0,0,0,3.6,3.6,2.3,5.9,29,83,76,0.22,0,0.22,0.22,0.22,0.26,0.17,0.44,0.26,0.44,Matches,66b76d44
67,Hugo Bueno,es ESP,DF,Wolves,20-141,2002,11,10,821,9.1,0,1,1,0,0,0,1,0,0.2,0.2,0.6,0.8,34,23,43,0,0.11,0.11,0,0.11,0.02,0.06,0.08,0.02,0.08,Matches,bfc3b3a0
68,Facundo Buonanotte,ar ARG,MFFW,Brighton,18-045,2004,1,0,16,0.2,0,0,0,0,0,0,0,0,0,0,0,0,1,1,0,0,0,0,0,0,0,0.27,0.27,0,0.27,Matches,468a7a91
69,Dan Burn,eng ENG,DF,Newcastle Utd,30-273,1992,21,20,1764,19.6,0,0,0,0,0,0,2,0,0.9,0.9,0.5,1.4,15,59,22,0,0,0,0,0,0.05,0.03,0.07,0.05,0.07,Matches,b2d31e83
70,Cafú,pt POR,MF,Nott'ham Forest,29-345,1993,1,0,7,0.1,0,0,0,0,0,0,0,0,0,0,0,0,0,1,0,0,0,0,0,0,0,0,0,0,0,Matches,85322440
71,Moisés Caicedo,ec ECU,MF,Brighton,21-096,2001,19,18,1639,18.2,1,1,2,1,0,0,6,0,1,1,1.4,2.4,15,117,30,0.05,0.05,0.11,0.05,0.11,0.05,0.08,0.13,0.05,0.13,Matches,16264a81
72,Tom Cairney,sct SCO,MF,Fulham,32-017,1991,22,1,471,5.2,0,0,0,0,0,0,1,0,0.6,0.6,1.2,1.9,21,50,26,0,0,0,0,0,0.12,0.24,0.36,0.12,0.36,Matches,a8748947
73,Duje Ćaleta-Car,hr CRO,DF,Southampton,26-142,1996,10,7,716,8,0,0,0,0,0,0,1,0,0.3,0.3,0,0.3,2,23,0,0,0,0,0,0,0.04,0,0.04,0.04,0.04,Matches,94f8d10c
74,Dominic Calvert-Lewin,eng ENG,FW,Everton,25-327,1997,11,9,731,8.1,1,0,1,1,0,0,1,0,2.9,2.9,0.3,3.3,11,8,30,0.12,0,0.12,0.12,0.12,0.36,0.04,0.4,0.36,0.4,Matches,59e6e5bf
75,Chem Campbell,wls WAL,FWMF,Wolves,20-038,2002,5,0,74,0.8,0,0,0,0,0,0,0,0,0.1,0.1,0,0.1,2,4,10,0,0,0,0,0,0.12,0,0.12,0.12,0.12,Matches,6f711f67
76,João Cancelo,pt POR,DF,Manchester City,28-255,1994,17,16,1274,14.2,2,1,3,2,0,0,3,1,0.8,0.8,0.9,1.7,71,106,125,0.14,0.07,0.21,0.14,0.21,0.06,0.06,0.12,0.06,0.12,Matches,bd6351cd
77,Thomas Cannon,ie IRL,FW,Everton,20-040,2002,2,0,25,0.3,0,0,0,0,0,0,0,0,0.1,0.1,0.5,0.6,1,0,2,0,0,0,0,0,0.32,1.95,2.27,0.32,2.27,Matches,4506aec5
78,Sergi Canós,es ESP,FWDF,Brentford,26-004,1997,5,0,77,0.9,0,0,0,0,0,0,0,0,0.1,0.1,0,0.1,4,2,7,0,0,0,0,0,0.09,0.03,0.11,0.09,0.11,Matches,1137759d
79,Diego Carlos,br BRA,DF,Aston Villa,29-328,1993,2,2,179,2,0,0,0,0,0,0,0,0,0.4,0.4,0,0.4,0,10,0,0,0,0,0,0,0.18,0,0.18,0.18,0.18,Matches,b4a014b1
80,Fabio Carvalho,pt POR,MFFW,Liverpool,20-160,2002,11,4,337,3.7,2,0,2,2,0,0,0,0,1.1,1.1,0.1,1.2,7,11,24,0.53,0,0.53,0.53,0.53,0.3,0.03,0.32,0.3,0.32,Matches,966e28d0
81,Casemiro,br BRA,MF,Manchester Utd,30-348,1992,17,13,1230,13.7,2,3,5,2,0,0,5,1,2.1,2.1,2,4,8,82,23,0.15,0.22,0.37,0.15,0.37,0.15,0.14,0.29,0.15,0.29,Matches,4d224fe8
82,Matty Cash,pl POL,DF,Aston Villa,25-183,1997,17,13,1185,13.2,0,0,0,0,0,0,3,0,0.2,0.2,0.7,0.9,34,64,49,0,0,0,0,0,0.02,0.05,0.07,0.02,0.07,Matches,2389cdc2
83,Timothy Castagne,be BEL,DF,Leicester City,27-063,1995,20,19,1731,19.2,1,2,3,1,0,0,2,0,1.6,1.6,1.3,2.9,24,55,98,0.05,0.1,0.16,0.05,0.16,0.09,0.07,0.15,0.09,0.15,Matches,197640fd
84,Jonny Castro,es ESP,DF,Wolves,28-340,1994,14,11,1012,11.2,0,0,0,0,0,0,3,0,0.3,0.3,0.4,0.7,22,61,37,0,0,0,0,0,0.02,0.04,0.06,0.02,0.06,Matches,e28868f3
85,Julio César Enciso,py PAR,FWMF,Brighton,19-014,2004,5,0,131,1.5,0,0,0,0,0,0,1,0,0.5,0.5,0.1,0.6,6,3,8,0,0,0,0,0,0.36,0.05,0.4,0.36,0.4,Matches,9cfbad36
86,Nathaniel Chalobah,eng ENG,MF,Fulham,28-056,1994,4,1,12,0.1,0,0,0,0,0,0,0,1,0.1,0.1,0,0.1,0,0,0,0,0,0,0,0,0.71,0,0.71,0.71,0.71,Matches,422862ea
87,Trevoh Chalobah,eng ENG,DF,Chelsea,23-216,1999,12,11,971,10.8,0,0,0,0,0,0,3,0,0.4,0.4,0.1,0.5,8,32,8,0,0,0,0,0,0.04,0.01,0.04,0.04,0.04,Matches,5515376c
88,Calum Chambers,eng ENG,DFMF,Aston Villa,28-017,1995,4,1,110,1.2,0,0,0,0,0,0,1,0,0,0,0,0,2,5,0,0,0,0,0,0,0.03,0,0.03,0.03,0.03,Matches,dc6f5bdd
89,Ben Chilwell,eng ENG,DFMF,Chelsea,26-047,1996,10,4,426,4.7,1,1,2,1,0,0,1,0,0.3,0.3,0.2,0.6,13,11,37,0.21,0.21,0.42,0.21,0.42,0.07,0.05,0.12,0.07,0.12,Matches,d2424d1b
90,Ryan Christie,sct SCO,MFFW,Bournemouth,27-349,1995,19,12,1036,11.5,1,0,1,1,0,0,1,0,1.6,1.6,1,2.6,21,46,37,0.09,0,0.09,0.09,0.09,0.14,0.09,0.22,0.14,0.22,Matches,26ce2263
91,Carney Chukwuemeka,eng ENG,MFFW,Chelsea,19-109,2003,8,1,202,2.2,0,0,0,0,0,0,0,0,0.3,0.3,0.1,0.4,13,10,13,0,0,0,0,0,0.13,0.05,0.18,0.13,0.18,Matches,b2f9c73e
92,Bobby Clark,eng ENG,MF,Liverpool,17-364,2005,1,0,8,0.1,0,0,0,0,0,0,0,0,0,0,0,0,0,1,2,0,0,0,0,0,0,0,0,0,0,Matches,73341ace
93,Nathaniel Clyne,eng ENG,DF,Crystal Palace,31-307,1991,15,13,1116,12.4,0,0,0,0,0,0,2,0,0,0,0.4,0.4,12,35,20,0,0,0,0,0,0,0.03,0.03,0,0.03,Matches,0442183b
94,Conor Coady,eng ENG,DF,Everton,29-346,1993,19,19,1700,18.9,1,1,2,1,0,0,1,0,0.6,0.6,0.3,0.9,4,34,1,0.05,0.05,0.11,0.05,0.11,0.03,0.02,0.05,0.03,0.05,Matches,2928dca2
95,Jack Colback,eng ENG,MF,Nott'ham Forest,33-105,1989,8,1,281,3.1,0,0,0,0,0,0,0,0,0,0,0.2,0.2,4,8,3,0,0,0,0,0,0,0.06,0.06,0,0.06,Matches,963a9201
96,Séamus Coleman,ie IRL,DF,Everton,34-118,1988,13,10,857,9.5,0,0,0,0,0,0,0,0,0.2,0.2,0.3,0.5,8,26,18,0,0,0,0,0,0.02,0.03,0.05,0.02,0.05,Matches,0420d84f
97,Nathan Collins,ie IRL,DF,Wolves,21-282,2001,17,17,1472,16.4,0,0,0,0,0,0,2,1,0,0,0.1,0.1,9,52,3,0,0,0,0,0,0,0,0.01,0,0.01,Matches,a8c19eb8
98,Levi Colwill,eng ENG,DF,Brighton,19-345,2003,7,5,463,5.1,0,0,0,0,0,0,0,0,0.2,0.2,0.1,0.3,6,20,1,0,0,0,0,0,0.03,0.03,0.06,0.03,0.06,Matches,7.01E+12
99,Lewis Cook,eng ENG,MF,Bournemouth,26-003,1997,19,17,1486,16.5,0,2,2,0,0,0,2,0,0.2,0.2,2.2,2.4,9,54,8,0,0.12,0.12,0,0.12,0.01,0.13,0.14,0.01,0.14,Matches,2afc7272
100,Steve Cook,eng ENG,DF,Nott'ham Forest,31-293,1991,12,11,957,10.6,0,0,0,0,0,0,4,0,0.1,0.1,0.6,0.7,1,19,0,0,0,0,0,0,0.01,0.05,0.07,0.01,0.07,Matches,3e5e4e63
101,Liam Cooper,sct SCO,DF,Leeds United,31-160,1991,13,12,1106,12.3,1,0,1,1,0,0,2,0,1,1,0.5,1.5,1,26,1,0.08,0,0.08,0.08,0.08,0.08,0.04,0.12,0.08,0.12,Matches,dc64b8b3
102,Maxwel Cornet,ci CIV,FW,West Ham,26-132,1996,5,1,91,1,0,0,0,0,0,0,0,0,0.5,0.5,0,0.5,2,2,15,0,0,0,0,0,0.53,0,0.53,0.53,0.53,Matches,beb391dd
103,Diego Costa,es ESP,FW,Wolves,34-122,1988,9,8,612,6.8,0,0,0,0,0,0,2,1,2,2,0.3,2.3,8,4,31,0,0,0,0,0,0.3,0.04,0.34,0.3,0.34,Matches,a190d597
104,Vladimír Coufal,cz CZE,DF,West Ham,30-168,1992,15,13,1201,13.3,0,0,0,0,0,0,3,0,0.3,0.3,1.2,1.5,34,53,60,0,0,0,0,0,0.02,0.09,0.11,0.02,0.11,Matches,fdf3cb77
105,Philippe Coutinho,br BRA,MFFW,Aston Villa,30-239,1992,18,6,712,7.9,0,0,0,0,0,0,3,0,1.1,1.1,0.5,1.6,17,45,64,0,0,0,0,0,0.14,0.06,0.2,0.14,0.2,Matches,0ef89a37
106,Conor Coventry,ie IRL,MFFW,West Ham,22-318,2000,1,0,1,0,0,0,0,0,0,0,0,0,0,0,0,0,0,0,0,0,0,0,0,0,0,0,0,0,0,Matches,a5ca9127
107,Aaron Cresswell,eng ENG,DF,West Ham,33-053,1989,18,17,1533,17,0,0,0,0,0,0,2,0,0.3,0.3,2.5,2.8,27,118,69,0,0,0,0,0,0.02,0.15,0.16,0.02,0.16,Matches,4f974391
108,Marc Cucurella,es ESP,DF,Chelsea,24-199,1998,19,16,1279,14.2,0,2,2,0,0,0,2,0,0.4,0.4,0.4,0.8,20,50,54,0,0.14,0.14,0,0.14,0.03,0.03,0.06,0.03,0.06,Matches,1daec722
109,Matheus Cunha,br BRA,FW,Wolves,23-255,1999,4,2,192,2.1,0,0,0,0,0,0,0,0,0.3,0.3,0.3,0.6,3,2,9,0,0,0,0,0,0.15,0.12,0.27,0.15,0.27,Matches,dc62b55d
110,Patson Daka,zm ZAM,FW,Leicester City,24-120,1998,17,9,706,7.8,3,3,6,3,0,0,2,0,2.4,2.4,2.3,4.7,11,11,48,0.38,0.38,0.76,0.38,0.76,0.31,0.3,0.6,0.31,0.6,Matches,ca45605e
111,Diogo Dalot,pt POR,DF,Manchester Utd,23-325,1999,14,13,1187,13.2,0,1,1,0,0,0,5,0,0.8,0.8,1.4,2.1,33,46,47,0,0.08,0.08,0,0.08,0.06,0.1,0.16,0.06,0.16,Matches,d9565625
112,Mikkel Damsgaard,dk DEN,MFFW,Brentford,22-218,2000,11,1,285,3.2,0,0,0,0,0,0,2,0,0.5,0.5,0.5,0.9,4,14,12,0,0,0,0,0,0.15,0.14,0.3,0.15,0.3,Matches,215f3907
113,Danilo,br BRA,MF,Nott'ham Forest,21-283,2001,2,1,91,1,0,0,0,0,0,0,1,0,0,0,0,0.1,0,3,0,0,0,0,0,0,0.03,0.03,0.06,0.03,0.06,Matches,a816dbfb
114,Josh Dasilva,eng ENG,MF,Brentford,24-106,1998,21,11,979,10.9,3,2,5,3,0,0,1,0,0.9,0.9,1.4,2.3,42,41,37,0.28,0.18,0.46,0.28,0.46,0.09,0.12,0.21,0.09,0.21,Matches,60344e4f
115,Ben Davies,wls WAL,DF,Tottenham,29-288,1993,19,15,1351,15,2,1,3,2,0,0,2,0,0.8,0.8,1.8,2.5,23,76,27,0.13,0.07,0.2,0.13,0.2,0.05,0.12,0.17,0.05,0.17,Matches,44781702
116,Tom Davies,eng ENG,MF,Everton,24-221,1998,10,4,413,4.6,0,0,0,0,0,0,2,0,0.6,0.6,0.1,0.7,2,24,7,0,0,0,0,0,0.12,0.03,0.15,0.12,0.15,Matches,9228b07c
117,Craig Dawson,eng ENG,DF,Wolves,32-276,1990,1,1,90,1,1,0,1,1,0,0,1,0,0.3,0.3,0,0.3,0,0,0,1,0,1,1,1,0.25,0.03,0.28,0.25,0.28,Matches,3e9e06cb
118,Craig Dawson,eng ENG,DF,West Ham,32-276,1990,8,8,720,8,0,0,0,0,0,0,2,0,0.5,0.5,0.1,0.6,0,18,1,0,0,0,0,0,0.06,0.01,0.07,0.06,0.07,Matches,3e9e06cb
119,Kevin De Bruyne,be BEL,MF,Manchester City,31-223,1991,20,18,1599,17.8,3,11,14,3,0,0,1,0,3.4,3.4,9.2,12.5,71,156,158,0.17,0.62,0.79,0.17,0.79,0.19,0.52,0.71,0.19,0.71,Matches,e46012d4
120,Siriki Dembélé,ci CIV,FWMF,Bournemouth,26-152,1996,6,0,110,1.2,0,0,0,0,0,0,0,0,0.2,0.2,0.3,0.5,5,4,11,0,0,0,0,0,0.15,0.25,0.41,0.15,0.41,Matches,11f54bd5
121,Leander Dendoncker,be BEL,MF,Aston Villa,27-297,1995,12,3,341,3.8,0,0,0,0,0,0,0,0,0,0,0.5,0.5,1,10,1,0,0,0,0,0,0.01,0.12,0.13,0.01,0.13,Matches,5a7301ae
122,Leander Dendoncker,be BEL,MF,Wolves,27-297,1995,4,2,214,2.4,0,0,0,0,0,0,0,0,0.7,0.7,0,0.7,1,6,3,0,0,0,0,0,0.27,0.02,0.29,0.27,0.29,Matches,5a7301ae
123,Emmanuel Dennis,ng NGA,FW,Nott'ham Forest,25-083,1997,10,3,373,4.1,1,1,2,1,0,0,2,0,0.7,0.7,0.3,1,9,9,26,0.24,0.24,0.48,0.24,0.48,0.17,0.08,0.25,0.17,0.25,Matches,2c44a35d
124,Halil Dervişoğlu,tr TUR,MF,Brentford,23-060,1999,1,0,8,0.1,0,0,0,0,0,0,0,0,0,0,0,0,0,0,0,0,0,0,0,0,0.31,0,0.31,0.31,0.31,Matches,9d8cf204
125,Kiernan Dewsbury-Hall,eng ENG,MF,Leicester City,24-153,1998,19,18,1448,16.1,2,2,4,2,0,0,1,0,1.5,1.5,2.3,3.8,46,88,62,0.12,0.12,0.25,0.12,0.25,0.09,0.14,0.24,0.09,0.24,Matches,5c74c0f5
126,Ibrahima Diallo,fr FRA,MF,Southampton,23-335,1999,13,10,714,7.9,0,0,0,0,0,0,2,0,0.2,0.2,0.1,0.3,5,21,6,0,0,0,0,0,0.03,0.01,0.03,0.03,0.03,Matches,11ff3d56
127,Rúben Dias,pt POR,DF,Manchester City,25-268,1997,13,9,874,9.7,0,0,0,0,0,0,0,0,0.6,0.6,0.1,0.8,5,43,1,0,0,0,0,0,0.06,0.02,0.08,0.06,0.08,Matches,31c69ef1
128,Luis Díaz,co COL,FW,Liverpool,26-024,1997,8,7,613,6.8,3,2,5,3,0,0,2,0,1.7,1.7,1,2.7,21,25,72,0.44,0.29,0.73,0.44,0.73,0.26,0.15,0.4,0.26,0.4,Matches,4a1a9578
129,Eric Dier,eng ENG,DF,Tottenham,29-022,1994,21,20,1825,20.3,2,0,2,2,0,0,1,0,0.9,0.9,0.8,1.8,5,64,11,0.1,0,0.1,0.1,0.1,0.05,0.04,0.09,0.05,0.09,Matches,ac861941
130,Lucas Digne,fr FRA,DF,Aston Villa,29-201,1993,15,14,1111,12.3,1,0,1,1,0,0,2,0,0.2,0.2,1.2,1.5,22,43,70,0.08,0,0.08,0.08,0.08,0.02,0.1,0.12,0.02,0.12,Matches,1b84dbe1
131,Issa Diop,fr FRA,DF,Fulham,26-028,1997,14,11,1056,11.7,1,0,1,1,0,0,1,0,0.3,0.3,0,0.3,5,45,3,0.09,0,0.09,0.09,0.09,0.02,0,0.03,0.02,0.03,Matches,a712ca2b
132,Moussa Djenepo,ml MLI,DFFW,Southampton,24-236,1998,12,6,578,6.4,0,1,1,0,0,0,0,0,0.2,0.2,0.3,0.4,23,17,32,0,0.16,0.16,0,0.16,0.03,0.04,0.07,0.03,0.07,Matches,254147d4
133,Ben Doak,sct SCO,FW,Liverpool,17-087,2005,2,0,26,0.3,0,0,0,0,0,0,0,0,0,0,0,0,1,1,4,0,0,0,0,0,0,0,0,0,0,Matches,733f1a7d
134,Matt Doherty,ie IRL,DFMF,Tottenham,31-021,1992,12,7,667,7.4,1,0,1,1,0,0,0,0,0.8,0.8,0.3,1,16,20,57,0.13,0,0.13,0.13,0.13,0.1,0.04,0.14,0.1,0.14,Matches,d557d734
135,Gabriel Dos Santos,br BRA,DF,Arsenal,25-049,1997,20,20,1800,20,2,0,2,2,0,0,4,0,2.9,2.9,0.2,3.1,10,80,6,0.1,0,0.1,0.1,0.1,0.15,0.01,0.15,0.15,0.15,Matches,67ac5bb8
136,Abdoulaye Doucouré,ml MLI,MF,Everton,30-036,1993,11,3,318,3.5,0,0,0,0,0,0,1,0,0.4,0.4,0,0.4,2,8,6,0,0,0,0,0,0.12,0,0.12,0.12,0.12,Matches,02b29014
137,Cheick Doucouré,ml MLI,MF,Crystal Palace,23-029,2000,19,19,1557,17.3,0,2,2,0,0,0,6,0,0.7,0.7,1.6,2.3,12,79,10,0,0.12,0.12,0,0.12,0.04,0.09,0.13,0.04,0.13,Matches,ce4f40c7
138,Flynn Downes,eng ENG,MF,West Ham,24-017,1999,9,3,286,3.2,0,0,0,0,0,0,0,0,0.2,0.2,0,0.3,1,6,7,0,0,0,0,0,0.08,0.02,0.09,0.08,0.09,Matches,69fdb896
139,Cody Drameh,eng ENG,DF,Leeds United,21-060,2001,1,1,69,0.8,0,0,0,0,0,0,0,0,0,0,0,0,0,2,3,0,0,0,0,0,0,0,0,0,0,Matches,e0d1510a
140,Shane Duffy,ie IRL,FWDF,Fulham,31-036,1992,4,0,6,0.1,0,0,0,0,0,0,0,0,0,0,0,0,0,0,0,0,0,0,0,0,0,0,0,0,0,Matches,7314bba4
141,Lewis Dunk,eng ENG,DF,Brighton,31-077,1991,20,20,1799,20,0,0,0,0,0,0,2,0,0.8,0.8,0.1,0.9,11,68,0,0,0,0,0,0,0.04,0,0.04,0.04,0.04,Matches,282f75f3
142,Jhon Durán,co COL,FW,Aston Villa,19-055,2003,1,0,9,0.1,0,0,0,0,0,0,0,0,0,0,0,0,1,1,3,0,0,0,0,0,0,0,0,0,0,Matches,414184f7
143,Malcolm Ebiowei,eng ENG,MFFW,Crystal Palace,19-155,2003,3,0,34,0.4,0,0,0,0,0,0,0,0,0,0,0,0,2,2,9,0,0,0,0,0,0,0,0,0,0,Matches,fa9fa773
144,Ederson,br BRA,GK,Manchester City,29-173,1993,21,21,1890,21,0,1,1,0,0,0,1,0,0,0,0.2,0.2,0,0,0,0,0.05,0.05,0,0.05,0,0.01,0.01,0,0.01,Matches,3bb7b8b4
145,Odsonne Édouard,fr FRA,FWMF,Crystal Palace,25-021,1998,19,12,1073,11.9,3,2,5,3,0,0,3,0,2.7,2.7,0.9,3.6,20,27,55,0.25,0.17,0.42,0.25,0.42,0.23,0.08,0.3,0.23,0.3,Matches,0562b7f1
146,Samuel Edozie,eng ENG,FWMF,Southampton,20-009,2003,14,5,530,5.9,0,0,0,0,0,0,0,0,0.9,0.9,0.3,1.2,22,10,34,0,0,0,0,0,0.15,0.06,0.21,0.15,0.21,Matches,007414dd
147,Anthony Elanga,se SWE,FW,Manchester Utd,20-285,2002,13,5,397,4.4,0,1,1,0,0,0,0,0,0.6,0.6,0.8,1.4,10,6,25,0,0.23,0.23,0,0.23,0.13,0.18,0.31,0.13,0.31,Matches,2fba6108
148,Harvey Elliott,eng ENG,MFFW,Liverpool,19-308,2003,20,13,1130,12.6,1,1,2,1,0,0,1,0,1.1,1.1,2.3,3.4,40,88,92,0.08,0.08,0.16,0.08,0.16,0.09,0.19,0.27,0.09,0.27,Matches,c8387671
149,Mohamed Elneny,eg EGY,MF,Arsenal,30-210,1992,5,1,113,1.3,0,0,0,0,0,0,0,0,0,0,0,0,1,2,1,0,0,0,0,0,0,0,0,0,0,Matches,47a34c4f
150,Mohamed Elyounoussi,no NOR,MFFW,Southampton,28-186,1994,20,17,1400,15.6,0,1,1,0,0,0,3,0,2.5,2.5,1.9,4.5,32,32,71,0,0.06,0.06,0,0.06,0.16,0.12,0.29,0.16,0.29,Matches,68dc0dac
151,Emerson,br BRA,DF,Tottenham,24-023,1999,17,14,1180,13.1,1,1,2,1,0,0,1,1,1.1,1.1,0.6,1.7,34,58,81,0.08,0.08,0.15,0.08,0.15,0.09,0.04,0.13,0.09,0.13,Matches,df8b52a5
152,Christian Eriksen,dk DEN,MF,Manchester Utd,30-357,1992,19,18,1489,16.5,1,7,8,1,0,0,3,0,2.7,2.7,3,5.7,16,104,42,0.06,0.42,0.48,0.06,0.48,0.16,0.18,0.34,0.16,0.34,Matches,980522ec
153,Pervis Estupiñán,ec ECU,DF,Brighton,25-016,1998,17,14,1171,13,0,2,2,0,0,0,3,0,0.1,0.1,2,2.1,42,74,86,0,0.15,0.15,0,0.15,0.01,0.15,0.16,0.01,0.16,Matches,d38fdf53
154,Jonny Evans,nir NIR,DF,Leicester City,35-034,1988,9,9,810,9,0,0,0,0,0,0,0,0,0.2,0.2,0,0.2,6,31,0,0,0,0,0,0,0.02,0,0.02,0.02,0.02,Matches,f8fcd2a5
155,Eberechi Eze,eng ENG,MFFW,Crystal Palace,24-222,1998,21,19,1529,17,3,3,6,3,0,0,1,0,2.6,2.6,2.8,5.3,39,67,65,0.18,0.18,0.35,0.18,0.35,0.15,0.16,0.31,0.15,0.31,Matches,ae4fc6a4
156,Łukasz Fabiański,pl POL,GK,West Ham,37-294,1985,21,21,1783,19.8,0,0,0,0,0,0,0,0,0,0,0,0,0,0,0,0,0,0,0,0,0,0,0,0,0,Matches,9328b835
157,Fabinho,br BRA,MF,Liverpool,29-106,1993,18,14,1253,13.9,0,0,0,0,0,0,2,0,0.3,0.3,0.6,0.9,7,78,17,0,0,0,0,0,0.02,0.04,0.06,0.02,0.06,Matches,7f3b388c
158,Wout Faes,be BEL,DF,Leicester City,24-309,1998,15,15,1350,15,0,0,0,0,0,0,1,0,0.3,0.3,0.3,0.7,4,47,1,0,0,0,0,0,0.02,0.02,0.05,0.02,0.05,Matches,9c221d14
159,João Félix,pt POR,FW,Chelsea,23-088,1999,1,1,57,0.6,0,0,0,0,0,0,0,1,0.8,0.8,0.2,1,5,3,10,0,0,0,0,0,1.29,0.29,1.58,1.29,1.58,Matches,8aafd64f
160,Evan Ferguson,ie IRL,FW,Brighton,18-110,2004,5,2,199,2.2,3,2,5,3,0,0,1,0,1.2,1.2,0.3,1.4,1,3,10,1.36,0.9,2.26,1.36,2.26,0.53,0.12,0.65,0.53,0.65,Matches,4596da74
161,Bruno Fernandes,pt POR,MFFW,Manchester Utd,28-151,1994,20,20,1798,20,5,4,9,4,1,1,5,0,4.1,3.3,6.9,10.2,40,136,110,0.25,0.2,0.45,0.2,0.4,0.2,0.35,0.55,0.17,0.51,Matches,507c7bdf
162,Enzo Fernández,ar ARG,MF,Chelsea,22-020,2001,1,1,90,1,0,0,0,0,0,0,0,0,0,0,0.1,0.1,1,7,0,0,0,0,0,0,0.03,0.06,0.08,0.03,0.08,Matches,5ff4ab71
163,Mateo Fernández,es ESP,MF,Leeds United,19-110,2003,1,0,2,0,0,0,0,0,0,0,0,0,0,0,0,0,0,0,1,0,0,0,0,0,0,0,0,0,0,Matches,6ad43f9a
164,Roberto Firmino,br BRA,FWMF,Liverpool,31-127,1991,13,11,929,10.3,7,3,10,7,0,0,0,0,4.2,4.2,1.8,6,12,60,72,0.68,0.29,0.97,0.68,0.97,0.41,0.17,0.58,0.41,0.58,Matches,4c370d81
165,Junior Firpo,es ESP,DF,Leeds United,26-168,1996,4,1,141,1.6,0,0,0,0,0,0,0,0,0,0,0.1,0.1,1,5,8,0,0,0,0,0,0,0.08,0.08,0,0.08,Matches,24f59bb2
166,Phil Foden,eng ENG,FWDF,Manchester City,22-254,2000,18,13,1045,11.6,7,4,11,7,0,0,1,0,3.7,3.7,2,5.7,23,47,163,0.6,0.34,0.95,0.6,0.95,0.32,0.17,0.49,0.32,0.49,Matches,ed1e53f3
167,Datro Fofana,ci CIV,FWMF,Chelsea,20-046,2002,1,0,16,0.2,0,0,0,0,0,0,0,0,0.2,0.2,0,0.2,0,0,3,0,0,0,0,0,1.1,0,1.1,1.1,1.1,Matches,e82900ef
168,Wesley Fofana,fr FRA,DF,Chelsea,22-051,2000,2,2,180,2,0,0,0,0,0,0,0,0,0,0,0,0,7,7,5,0,0,0,0,0,0.01,0,0.01,0.01,0.01,Matches,132a82f1
169,Wesley Fofana,fr FRA,DF,Leicester City,22-051,2000,2,2,180,2,0,0,0,0,0,0,1,0,0.1,0.1,0,0.1,3,6,1,0,0,0,0,0,0.06,0,0.06,0.06,0.06,Matches,132a82f1
170,Pablo Fornals,es ESP,FWMF,West Ham,26-349,1996,18,11,960,10.7,1,0,1,1,0,0,0,0,0.8,0.8,1.1,1.9,19,48,65,0.09,0,0.09,0.09,0.09,0.08,0.1,0.18,0.08,0.18,Matches,82927de4
171,Adam Forshaw,eng ENG,MF,Leeds United,31-121,1991,5,2,159,1.8,0,0,0,0,0,0,0,0,0,0,0.5,0.5,0,8,0,0,0,0,0,0,0,0.26,0.26,0,0.26,Matches,9f1938ab
172,Fraser Forster,eng ENG,GK,Tottenham,34-326,1988,1,1,90,1,0,0,0,0,0,0,0,0,0,0,0,0,0,0,0,0,0,0,0,0,0,0,0,0,0,Matches,c3e39f12
173,Tyrese Francois,au AUS,FW,Fulham,22-205,2000,1,0,1,0,0,0,0,0,0,0,0,0,0,0,0,0,0,0,1,0,0,0,0,0,0,0,0,0,0,Matches,6722d4f0
174,Ryan Fraser,sct SCO,FW,Newcastle Utd,28-347,1994,8,3,313,3.5,0,0,0,0,0,0,1,0,0.3,0.3,0.4,0.7,8,9,23,0,0,0,0,0,0.09,0.11,0.2,0.09,0.2,Matches,d56543a0
175,Fred,br BRA,MF,Manchester Utd,29-338,1993,18,6,673,7.5,2,0,2,2,0,0,4,0,1.4,1.4,1.1,2.5,6,38,27,0.27,0,0.27,0.27,0.27,0.19,0.15,0.33,0.19,0.33,Matches,b853e0ad
176,Ryan Fredericks,eng ENG,DF,Bournemouth,30-119,1992,8,5,451,5,0,0,0,0,0,0,1,0,0,0,0.1,0.1,11,14,23,0,0,0,0,0,0,0.02,0.02,0,0.02,Matches,c067631c
177,Remo Freuler,ch SUI,MF,Nott'ham Forest,30-297,1992,17,15,1371,15.2,0,0,0,0,0,0,3,0,0.3,0.3,0.6,0.9,5,36,5,0,0,0,0,0,0.02,0.04,0.06,0.02,0.06,Matches,98d2c2c4
178,Cody Gakpo,nl NED,FW,Liverpool,23-275,1999,3,3,255,2.8,0,0,0,0,0,0,0,0,1,1,0.1,1.1,4,6,17,0,0,0,0,0,0.35,0.05,0.4,0.35,0.4,Matches,1971591f
179,Conor Gallagher,eng ENG,MFFW,Chelsea,23-000,2000,19,10,829,9.2,1,1,2,1,0,0,6,1,0.9,0.9,2.1,3,20,53,43,0.11,0.11,0.22,0.11,0.22,0.1,0.22,0.32,0.1,0.32,Matches,c2731c10
180,Idrissa Gana Gueye,sn SEN,MF,Everton,33-133,1989,16,15,1221,13.6,0,1,1,0,0,0,3,0,0,0,0.7,0.7,15,49,9,0,0.07,0.07,0,0.07,0,0.05,0.05,0,0.05,Matches,72c812f3
181,Alejandro Garnacho,es ESP,FW,Manchester Utd,18-220,2004,10,2,270,3,1,2,3,1,0,0,2,0,0.9,0.9,1,1.9,19,5,46,0.33,0.67,1,0.33,1,0.31,0.33,0.64,0.31,0.64,Matches,7aa8adfe
182,James Garner,eng ENG,MF,Everton,21-330,2001,6,0,142,1.6,0,0,0,0,0,0,1,0,0.1,0.1,0,0.1,1,5,1,0,0,0,0,0,0.03,0,0.03,0.03,0.03,Matches,4e015693
183,David de Gea,es ESP,GK,Manchester Utd,32-091,1990,21,21,1890,21,0,0,0,0,0,0,0,0,0,0,0.1,0.1,0,0,0,0,0,0,0,0,0,0.01,0.01,0,0.01,Matches,7ba6d84e
184,Joe Gelhardt,eng ENG,FW,Leeds United,20-278,2002,15,1,212,2.4,0,2,2,0,0,0,1,0,0.8,0.8,0.5,1.3,2,6,21,0,0.85,0.85,0,0.85,0.36,0.2,0.55,0.36,0.55,Matches,01962d0d
185,Saman Ghoddos,ir IRN,MFFW,Brentford,29-153,1993,9,0,90,1,0,0,0,0,0,0,0,0,0,0,0.2,0.3,0,5,2,0,0,0,0,0,0.05,0.23,0.27,0.05,0.27,Matches,f7b1d4e0
186,Morgan Gibbs-White,eng ENG,FWMF,Wolves,23-010,2000,2,2,180,2,0,0,0,0,0,0,1,0,0.7,0.7,0.1,0.8,4,12,12,0,0,0,0,0,0.36,0.04,0.4,0.36,0.4,Matches,32f60ed8
187,Morgan Gibbs-White,eng ENG,MFFW,Nott'ham Forest,23-010,2000,18,17,1466,16.3,2,4,6,2,0,0,1,0,3.1,3.1,4.7,7.8,33,69,93,0.12,0.25,0.37,0.12,0.37,0.19,0.29,0.48,0.19,0.48,Matches,32f60ed8
188,Billy Gilmour,sct SCO,MF,Brighton,21-240,2001,7,2,163,1.8,0,0,0,0,0,0,1,0,0.2,0.2,0.1,0.3,3,17,3,0,0,0,0,0,0.12,0.05,0.17,0.12,0.17,Matches,df10e27c
189,Degnand Gnonto,it ITA,FWMF,Leeds United,19-093,2003,9,7,627,7,1,1,2,1,0,0,2,0,1.2,1.2,1.1,2.3,33,13,66,0.14,0.14,0.29,0.14,0.29,0.17,0.16,0.33,0.17,0.33,Matches,75fdd638
190,Ben Godfrey,eng ENG,DF,Everton,25-022,1998,4,3,211,2.3,0,0,0,0,0,0,0,0,1.1,1.1,0.1,1.2,0,5,0,0,0,0,0,0,0.47,0.04,0.5,0.47,0.5,Matches,9f7c837d
191,Toti Gomes,pt POR,DF,Wolves,24-021,1999,7,3,310,3.4,0,0,0,0,0,0,2,0,0,0,0.1,0.1,0,7,2,0,0,0,0,0,0,0.02,0.02,0,0.02,Matches,f0caab96
192,Joe Gomez,eng ENG,DF,Liverpool,25-259,1997,17,11,1106,12.3,0,0,0,0,0,0,3,0,0.1,0.1,0.2,0.3,10,83,2,0,0,0,0,0,0.01,0.01,0.02,0.01,0.02,Matches,7a11550b
193,Sergio Gómez,es ESP,DFMF,Manchester City,22-155,2000,5,0,111,1.2,0,1,1,0,0,0,0,0,0.1,0.1,0.4,0.5,2,7,12,0,0.81,0.81,0,0.81,0.11,0.33,0.44,0.11,0.44,Matches,01e5f06e
194,Anthony Gordon,eng ENG,FW,Newcastle Utd,21-347,2001,1,0,22,0.2,0,0,0,0,0,0,0,0,0.1,0.1,0.1,0.2,1,1,3,0,0,0,0,0,0.33,0.31,0.64,0.33,0.64,Matches,2bd83368
195,Anthony Gordon,eng ENG,FW,Everton,21-347,2001,16,12,1095,12.2,3,0,3,3,0,0,6,0,3.3,3.3,0.6,3.9,28,19,67,0.25,0,0.25,0.25,0.25,0.27,0.05,0.32,0.27,0.32,Matches,2bd83368
196,Demarai Gray,eng ENG,FWMF,Everton,26-223,1996,20,19,1679,18.7,3,1,4,2,1,1,1,0,3.7,2.9,2.7,5.6,66,38,129,0.16,0.05,0.21,0.11,0.16,0.2,0.14,0.34,0.15,0.3,Matches,4468ec10
197,Jack Grealish,eng ENG,FW,Manchester City,27-149,1995,15,11,1040,11.6,2,3,5,2,0,0,1,0,2.7,2.7,3.6,6.3,79,41,159,0.17,0.26,0.43,0.17,0.43,0.23,0.31,0.55,0.23,0.55,Matches,b0b4fd3e
198,Sam Greenwood,eng ENG,MFFW,Leeds United,21-011,2002,11,2,317,3.5,1,2,3,1,0,0,1,0,0.6,0.6,0.8,1.5,5,11,5,0.28,0.57,0.85,0.28,0.85,0.18,0.24,0.42,0.18,0.42,Matches,f3354c07
199,Pascal Groß,de GER,MFDF,Brighton,31-236,1991,20,20,1731,19.2,6,3,9,6,0,0,2,0,3.3,3.3,5.1,8.4,27,133,118,0.31,0.16,0.47,0.31,0.47,0.17,0.27,0.44,0.17,0.44,Matches,8aec0537
200,Vicente Guaita,es ESP,GK,Crystal Palace,36-027,1987,21,21,1890,21,0,0,0,0,0,0,1,0,0,0,0,0,0,1,0,0,0,0,0,0,0,0,0,0,0,Matches,ab13a5aa
201,Gonçalo Guedes,pt POR,FWMF,Wolves,26-069,1996,13,8,707,7.9,1,1,2,1,0,0,1,0,1.2,1.2,0.5,1.7,20,16,54,0.13,0.13,0.25,0.13,0.25,0.15,0.06,0.22,0.15,0.22,Matches,e6bc67d7
202,Marc Guéhi,eng ENG,DF,Crystal Palace,22-208,2000,20,20,1800,20,0,0,0,0,0,0,7,0,0.5,0.5,0.2,0.7,7,64,2,0,0,0,0,0,0.03,0.01,0.03,0.03,0.03,Matches,d0706b27
203,Bruno Guimarães,br BRA,MF,Newcastle Utd,25-082,1997,17,17,1397,15.5,3,3,6,3,0,0,3,0,0.9,0.9,1.8,2.7,17,110,12,0.19,0.19,0.39,0.19,0.39,0.06,0.12,0.17,0.06,0.17,Matches,82518f62
204,İlkay Gündoğan,de GER,MF,Manchester City,32-105,1990,18,14,1252,13.9,2,2,4,2,0,0,0,0,3.3,3.3,2.5,5.8,32,101,77,0.14,0.14,0.29,0.14,0.29,0.24,0.18,0.42,0.24,0.42,Matches,819b3158
205,Darko Gyabi,eng ENG,FW,Leeds United,18-353,2004,1,0,8,0.1,0,0,0,0,0,0,0,0,0.1,0.1,0,0.1,0,2,0,0,0,0,0,0,0.72,0,0.72,0.72,0.72,Matches,56d838f7
206,Erling Haaland,no NOR,FW,Manchester City,22-200,2000,20,19,1636,18.2,25,3,28,21,4,4,3,0,16.9,13.7,3,16.7,19,34,92,1.38,0.17,1.54,1.16,1.32,0.93,0.16,1.09,0.76,0.92,Matches,1f44ac21
207,Lewis Hall,eng ENG,DFMF,Chelsea,18-151,2004,5,4,304,3.4,0,0,0,0,0,0,1,0,0.5,0.5,0.3,0.7,10,9,19,0,0,0,0,0,0.14,0.08,0.22,0.14,0.22,Matches,da011f18
208,Luke Harris,wls WAL,MFFW,Fulham,17-309,2005,3,0,13,0.1,0,0,0,0,0,0,0,0,0,0,0,0,0,1,0,0,0,0,0,0,0,0,0,0,0,Matches,8c3078cd
209,Jack Harrison,eng ENG,FWMF,Leeds United,26-078,1996,18,16,1266,14.1,1,4,5,1,0,0,2,0,2.4,2.4,2.5,4.9,56,51,133,0.07,0.28,0.36,0.07,0.36,0.17,0.18,0.35,0.17,0.35,Matches,aa849a12
210,Kai Havertz,de GER,FWMF,Chelsea,23-240,1999,20,18,1501,16.7,5,1,6,5,0,0,3,0,6.1,6.1,1.4,7.5,33,49,127,0.3,0.06,0.36,0.3,0.36,0.37,0.08,0.45,0.37,0.45,Matches,fed7cb61
211,Jan Paul van Hecke,nl NED,DF,Brighton,22-243,2000,2,1,80,0.9,0,0,0,0,0,0,0,0,0.6,0.6,0,0.6,3,9,0,0,0,0,0,0,0.67,0,0.67,0.67,0.67,Matches,4fd08daa
212,Hwang Hee-chan,kr KOR,FW,Wolves,27-011,1996,17,9,690,7.7,0,1,1,0,0,0,1,0,0.4,0.4,1,1.5,16,19,35,0,0.13,0.13,0,0.13,0.06,0.13,0.19,0.06,0.19,Matches,169fd162
213,Dean Henderson,eng ENG,GK,Nott'ham Forest,25-331,1997,18,18,1620,18,0,0,0,0,0,0,2,0,0,0,0,0,0,0,0,0,0,0,0,0,0,0,0,0,0,Matches,e5a76dfe
214,Jordan Henderson,eng ENG,MF,Liverpool,32-234,1990,17,10,919,10.2,0,0,0,0,0,0,1,0,0.6,0.6,1.1,1.7,20,83,25,0,0,0,0,0,0.06,0.11,0.17,0.06,0.17,Matches,935e6b8f
215,Wayne Hennessey,wls WAL,GK,Nott'ham Forest,36-013,1987,2,2,180,2,0,0,0,0,0,0,0,0,0,0,0,0,0,0,0,0,0,0,0,0,0,0,0,0,0,Matches,76eca7e2
216,Rico Henry,eng ENG,DF,Brentford,25-213,1997,20,20,1795,19.9,0,2,2,0,0,0,0,0,0.6,0.6,1.5,2.1,31,59,68,0,0.1,0.1,0,0.1,0.03,0.07,0.1,0.03,0.1,Matches,8a3c1dc7
217,Son Heung-min,kr KOR,MFFW,Tottenham,30-213,1992,20,19,1638,18.2,4,3,7,4,0,0,1,0,4.9,4.9,3.4,8.3,53,42,122,0.22,0.16,0.38,0.22,0.38,0.27,0.19,0.46,0.27,0.46,Matches,92e7e919
218,Aaron Hickey,sct SCO,DF,Brentford,20-241,2002,10,9,739,8.2,0,0,0,0,0,0,4,0,0.1,0.1,0,0.1,22,32,25,0,0,0,0,0,0.01,0,0.02,0.01,0.02,Matches,1780bb4a
219,Joseph Hodge,ie IRL,MF,Wolves,20-145,2002,5,1,169,1.9,0,0,0,0,0,0,1,0,0.1,0.1,0.1,0.2,1,7,4,0,0,0,0,0,0.06,0.03,0.09,0.06,0.09,Matches,bd8a5d95
220,Pierre Højbjerg,dk DEN,MF,Tottenham,27-185,1995,21,21,1871,20.8,4,3,7,4,0,0,2,0,1.5,1.5,2.2,3.7,27,135,52,0.19,0.14,0.34,0.19,0.34,0.07,0.11,0.18,0.07,0.18,Matches,8b04d6c1
221,Rob Holding,eng ENG,DF,Arsenal,27-139,1995,6,0,19,0.2,0,0,0,0,0,0,0,0,0,0,0,0,0,1,0,0,0,0,0,0,0,0,0,0,0,Matches,d79a8c87
222,Mason Holgate,eng ENG,DF,Everton,26-107,1996,4,3,320,3.6,0,0,0,0,0,0,1,0,0.3,0.3,0.3,0.6,4,9,2,0,0,0,0,0,0.08,0.08,0.16,0.08,0.16,Matches,d0042ab9
223,Will Hughes,eng ENG,MF,Crystal Palace,27-295,1995,15,2,321,3.6,0,0,0,0,0,0,3,0,0.1,0.1,0,0.2,4,13,9,0,0,0,0,0,0.04,0.01,0.05,0.04,0.05,Matches,a0666d3e
224,Omari Hutchinson,eng ENG,FW,Chelsea,19-099,2003,1,0,23,0.3,0,0,0,0,0,0,0,0,0,0,0,0,1,0,1,0,0,0,0,0,0,0,0,0,0,Matches,bd9553e6
225,Kelechi Iheanacho,ng NGA,FWMF,Leicester City,26-126,1996,15,2,367,4.1,2,3,5,2,0,0,0,0,2.4,2.4,1.9,4.4,11,8,38,0.49,0.74,1.23,0.49,1.23,0.6,0.47,1.07,0.6,1.07,Matches,c92e1a31
226,Danny Ings,eng ENG,FW,West Ham,30-198,1992,2,0,29,0.3,0,0,0,0,0,0,0,0,0.1,0.1,0.2,0.3,0,2,2,0,0,0,0,0,0.23,0.57,0.8,0.23,0.8,Matches,07802f7f
227,Danny Ings,eng ENG,FW,Aston Villa,30-198,1992,18,8,824,9.2,6,0,6,4,2,2,3,0,5.3,3.8,1.2,5,15,12,46,0.66,0,0.66,0.44,0.44,0.59,0.13,0.71,0.41,0.54,Matches,07802f7f
228,Alexander Isak,se SWE,FW,Newcastle Utd,23-138,1999,5,3,284,3.2,3,0,3,2,1,1,0,0,3.2,2.4,0.5,2.9,4,5,17,0.95,0,0.95,0.63,0.63,1.01,0.15,1.16,0.76,0.91,Matches,8e92be30
229,Alex Iwobi,ng NGA,MF,Everton,26-279,1996,21,21,1872,20.8,1,5,6,1,0,0,2,0,1.3,1.3,3,4.2,38,101,81,0.05,0.24,0.29,0.05,0.29,0.06,0.14,0.2,0.06,0.2,Matches,6ca5ec4b
230,Daniel James,wls WAL,FW,Leeds United,25-088,1997,4,2,198,2.2,0,0,0,0,0,0,0,0,0.3,0.3,0.3,0.6,6,3,9,0,0,0,0,0,0.12,0.15,0.27,0.12,0.27,Matches,c931d9f9
231,Daniel James,wls WAL,FW,Fulham,25-088,1997,12,3,360,4,1,0,1,1,0,0,0,0,1.3,1.3,0.3,1.6,15,12,27,0.25,0,0.25,0.25,0.25,0.33,0.08,0.41,0.33,0.41,Matches,c931d9f9
232,Reece James,eng ENG,DFMF,Chelsea,23-060,1999,9,8,670,7.4,1,1,2,1,0,0,3,0,0.8,0.8,1.6,2.4,29,43,67,0.13,0.13,0.27,0.13,0.27,0.11,0.21,0.32,0.11,0.32,Matches,1265a93a
233,Vitaly Janelt,de GER,MFDF,Brentford,24-272,1998,21,14,1349,15,2,1,3,2,0,0,1,0,1.9,1.9,0.8,2.7,10,44,15,0.13,0.07,0.2,0.13,0.2,0.13,0.05,0.18,0.13,0.18,Matches,8449d35e
234,Pontus Jansson,se SWE,DF,Brentford,31-358,1991,7,6,515,5.7,0,0,0,0,0,0,0,0,0,0,0,0,1,13,0,0,0,0,0,0,0,0,0,0,0,Matches,172e52d8
235,Mathias Jensen,dk DEN,MF,Brentford,27-036,1996,21,21,1585,17.6,3,4,7,3,0,0,3,0,1.3,1.3,2.1,3.3,14,72,40,0.17,0.23,0.4,0.17,0.4,0.07,0.12,0.19,0.07,0.19,Matches,0f134faf
236,Gabriel Jesus,br BRA,FW,Arsenal,25-309,1997,14,14,1219,13.5,5,5,10,5,0,0,4,0,7.7,7.7,2.8,10.6,30,38,122,0.37,0.37,0.74,0.37,0.74,0.57,0.21,0.78,0.57,0.78,Matches,b66315ae
237,Raúl Jiménez,mx MEX,FW,Wolves,31-277,1991,7,3,325,3.6,0,0,0,0,0,0,0,0,1.6,1.6,0.5,2.1,4,6,19,0,0,0,0,0,0.43,0.13,0.57,0.43,0.57,Matches,b561db50
238,Joelinton,br BRA,MFFW,Newcastle Utd,26-176,1996,19,18,1600,17.8,2,1,3,2,0,0,8,0,3.2,3.2,1.8,5.1,40,78,102,0.11,0.06,0.17,0.11,0.17,0.18,0.1,0.28,0.18,0.28,Matches,c17bfb65
239,Ben Johnson,eng ENG,DF,West Ham,23-013,2000,9,6,543,6,0,0,0,0,0,0,0,0,0,0,0.2,0.2,8,23,9,0,0,0,0,0,0,0.04,0.04,0,0.04,Matches,9319781b
240,Brennan Johnson,wls WAL,FW,Nott'ham Forest,21-259,2001,21,19,1706,19,5,2,7,4,1,2,4,0,5.9,4.3,2.6,6.9,50,23,91,0.26,0.11,0.37,0.21,0.32,0.31,0.14,0.45,0.23,0.37,Matches,0cd31129
241,Curtis Jones,eng ENG,MFFW,Liverpool,22-007,2001,6,1,189,2.1,0,0,0,0,0,0,1,0,0.2,0.2,0.2,0.4,6,17,16,0,0,0,0,0,0.09,0.09,0.18,0.09,0.18,Matches,4fb9c88f
242,Mathias Jørgensen,dk DEN,DF,Brentford,32-289,1990,13,8,745,8.3,0,0,0,0,0,0,1,0,0.5,0.5,0.1,0.5,1,22,1,0,0,0,0,0,0.06,0.01,0.06,0.06,0.06,Matches,0db5d2c8
243,Jorginho,it ITA,MF,Arsenal,31-048,1991,1,0,32,0.4,0,0,0,0,0,0,0,0,0,0,0,0,0,4,0,0,0,0,0,0,0.11,0,0.11,0.11,0.11,Matches,45db685d
244,Jorginho,it ITA,MF,Chelsea,31-048,1991,18,15,1279,14.2,2,0,2,0,2,2,4,0,1.7,0.1,0.4,0.5,13,80,10,0.14,0,0.14,0,0,0.12,0.03,0.14,0.01,0.03,Matches,45db685d
245,Diogo Jota,pt POR,FWMF,Liverpool,26-064,1996,4,2,196,2.2,0,1,1,0,0,0,1,0,0.8,0.8,0.8,1.6,8,9,18,0,0.46,0.46,0,0.46,0.35,0.38,0.73,0.35,0.73,Matches,178ae8f8
246,Hamed Junior Traorè,ci CIV,FW,Bournemouth,22-355,2000,1,1,60,0.7,0,0,0,0,0,0,0,0,0,0,0,0,5,3,3,0,0,0,0,0,0,0.07,0.07,0,0.07,Matches,570bb4b9
247,James Justin,eng ENG,DF,Leicester City,24-348,1998,14,14,1252,13.9,0,0,0,0,0,0,0,0,0.3,0.3,0.3,0.6,20,47,50,0,0,0,0,0,0.02,0.02,0.05,0.02,0.05,Matches,fb614c44
248,Sasa Kalajdzic,at AUT,FW,Wolves,25-214,1997,1,1,45,0.5,0,0,0,0,0,0,0,0,0.3,0.3,0,0.3,0,0,1,0,0,0,0,0,0.53,0,0.53,0.53,0.53,Matches,15f24fe7
249,Boubacar Kamara,fr FRA,MF,Aston Villa,23-075,1999,15,14,1195,13.3,0,1,1,0,0,0,3,0,0.2,0.2,0.3,0.5,11,68,6,0,0.08,0.08,0,0.08,0.01,0.02,0.04,0.01,0.04,Matches,cc77354e
250,Harry Kane,eng ENG,FW,Tottenham,29-193,1993,22,22,1965,21.8,17,1,18,15,2,3,4,0,12.9,10.5,3.4,14,38,105,122,0.78,0.05,0.82,0.69,0.73,0.59,0.16,0.75,0.48,0.64,Matches,21a66f6a
251,N'Golo Kanté,fr FRA,MF,Chelsea,31-314,1991,2,2,174,1.9,0,0,0,0,0,0,0,0,0.1,0.1,0.3,0.4,7,9,7,0,0,0,0,0,0.05,0.13,0.18,0.05,0.18,Matches,b9fbae28
252,Michael Keane,eng ENG,DF,Everton,30-026,1993,1,0,23,0.3,0,0,0,0,0,0,0,0,0,0,0,0,0,0,0,0,0,0,0,0,0,0,0,0,0,Matches,c5b7c315
253,Neeskens Kebano,cd COD,FW,Fulham,30-333,1992,12,9,713,7.9,0,3,3,0,0,0,0,0,0.5,0.5,1.4,1.8,37,21,63,0,0.38,0.38,0,0.38,0.06,0.17,0.23,0.06,0.23,Matches,18b999f4
254,Thilo Kehrer,de GER,DF,West Ham,26-138,1996,16,16,1395,15.5,0,0,0,0,0,0,4,0,0.4,0.4,0.2,0.6,11,34,20,0,0,0,0,0,0.03,0.01,0.04,0.03,0.04,Matches,51dbeea9
255,Naby Keïta,gn GUI,MF,Liverpool,27-361,1995,6,2,247,2.7,0,0,0,0,0,0,0,0,0.6,0.6,0.6,1.3,4,15,20,0,0,0,0,0,0.23,0.23,0.47,0.23,0.47,Matches,f25c8e3a
256,Lloyd Kelly,eng ENG,DF,Bournemouth,24-123,1998,10,10,900,10,0,2,2,0,0,0,2,0,0.1,0.1,0.1,0.3,4,15,1,0,0.2,0.2,0,0.2,0.01,0.01,0.03,0.01,0.03,Matches,f31def1e
257,Max Kilman,eng ENG,DF,Wolves,25-259,1997,21,21,1890,21,0,0,0,0,0,0,3,0,0.8,0.8,0,0.9,17,76,1,0,0,0,0,0,0.04,0,0.04,0.04,0.04,Matches,d0f72bf1
258,Mateusz Klich,pl POL,MFFW,Leeds United,32-238,1990,14,0,280,3.1,0,0,0,0,0,0,2,0,0.2,0.2,0.2,0.4,5,16,21,0,0,0,0,0,0.05,0.06,0.12,0.05,0.12,Matches,282679b4
259,Robin Koch,de GER,DF,Leeds United,26-204,1996,19,19,1662,18.5,0,0,0,0,0,0,5,0,0.3,0.3,0.1,0.4,7,61,4,0,0,0,0,0,0.02,0.01,0.02,0.02,0.02,Matches,ea6bc03a
260,Ibrahima Konaté,fr FRA,DF,Liverpool,23-257,1999,5,4,382,4.2,0,0,0,0,0,0,0,0,0.2,0.2,0,0.2,3,12,2,0,0,0,0,0,0.05,0,0.05,0.05,0.05,Matches,5ed9b537
261,Ezri Konsa,eng ENG,DF,Aston Villa,25-106,1997,21,20,1792,19.9,0,0,0,0,0,0,3,0,0.6,0.6,0.5,1,5,25,8,0,0,0,0,0,0.03,0.02,0.05,0.03,0.05,Matches,0313a347
262,Kalidou Koulibaly,sn SEN,DF,Chelsea,31-231,1991,14,12,1115,12.4,2,0,2,2,0,0,5,1,0.8,0.8,0.4,1.2,9,54,3,0.16,0,0.16,0.16,0.16,0.06,0.03,0.09,0.06,0.09,Matches,da974c7b
263,Cheikhou Kouyaté,sn SEN,MFDF,Nott'ham Forest,33-047,1989,12,9,704,7.8,1,0,1,1,0,0,2,0,0.3,0.3,0.6,1,6,16,8,0.13,0,0.13,0.13,0.13,0.04,0.08,0.12,0.04,0.12,Matches,8d3c902d
264,Mateo Kovačić,hr CRO,MF,Chelsea,28-276,1994,15,7,835,9.3,0,1,1,0,0,0,3,0,0.4,0.4,1.1,1.6,20,76,10,0,0.11,0.11,0,0.11,0.05,0.12,0.17,0.05,0.17,Matches,79c0821a
265,Emil Krafth,se SWE,DF,Newcastle Utd,28-188,1994,1,0,1,0,0,0,0,0,0,0,0,0,0,0,0,0,0,0,0,0,0,0,0,0,0,0,0,0,0,Matches,77cf6852
266,Dejan Kulusevski,se SWE,MFFW,Tottenham,22-287,2000,14,12,1054,11.7,2,5,7,2,0,0,0,0,1.3,1.3,2.7,4,53,37,106,0.17,0.43,0.6,0.17,0.6,0.11,0.23,0.34,0.11,0.34,Matches,df3cda47
267,Layvin Kurzawa,fr FRA,DF,Fulham,30-155,1992,3,2,135,1.5,0,0,0,0,0,0,1,0,0,0,0,0,1,2,2,0,0,0,0,0,0,0,0,0,0,Matches,41e7ef1c
268,Adam Lallana,eng ENG,MFFW,Brighton,34-272,1988,16,12,722,8,2,1,3,2,0,0,0,0,0.9,0.9,1,1.9,10,33,43,0.25,0.12,0.37,0.25,0.37,0.11,0.12,0.23,0.11,0.23,Matches,99813635
269,Tariq Lamptey,gh GHA,DF,Brighton,22-129,2000,17,2,394,4.4,0,0,0,0,0,0,1,0,0.1,0.1,0.1,0.3,24,23,50,0,0,0,0,0,0.03,0.03,0.06,0.03,0.06,Matches,f4e433d4
270,Manuel Lanzini,ar ARG,MFFW,West Ham,29-356,1993,5,1,126,1.4,0,0,0,0,0,0,0,0,0.1,0.1,0,0.1,2,12,4,0,0,0,0,0,0.04,0,0.04,0.04,0.04,Matches,26f6dca8
271,Aymeric Laporte,es ESP,DF,Manchester City,28-255,1994,5,4,376,4.2,0,0,0,0,0,0,0,0,0.2,0.2,0.1,0.3,12,28,2,0,0,0,0,0,0.04,0.03,0.08,0.04,0.08,Matches,119b9a8e
272,Juan Larios,es ESP,DF,Southampton,19-025,2004,5,2,152,1.7,0,0,0,0,0,0,0,0,0,0,0,0,10,4,1,0,0,0,0,0,0,0,0,0,0,Matches,cf7fb13a
273,Jamaal Lascelles,eng ENG,DF,Newcastle Utd,29-087,1993,4,1,107,1.2,0,0,0,0,0,0,3,0,0.1,0.1,0,0.1,0,1,0,0,0,0,0,0,0.06,0,0.06,0.06,0.06,Matches,450ab6fc
274,Roméo Lavia,be BEL,MF,Southampton,19-031,2004,12,10,805,8.9,1,0,1,1,0,0,4,0,0.2,0.2,0.2,0.4,3,33,8,0.11,0,0.11,0.11,0.11,0.02,0.02,0.05,0.02,0.05,Matches,ecad9aa5
275,Dexter Lembikisa,jm JAM,DF,Wolves,19-094,2003,1,0,23,0.3,0,0,0,0,0,0,0,0,0,0,0,0,2,3,3,0,0,0,0,0,0,0,0,0,0,Matches,0bdda685
276,Mario Lemina,ga GAB,MF,Wolves,29-158,1993,3,2,166,1.8,0,0,0,0,0,0,1,0,0,0,0.1,0.1,0,6,2,0,0,0,0,0,0.01,0.07,0.08,0.01,0.08,Matches,2b471f99
277,Clément Lenglet,fr FRA,DF,Tottenham,27-234,1995,13,11,935,10.4,0,2,2,0,0,0,2,0,0.6,0.6,0.6,1.2,14,41,5,0,0.19,0.19,0,0.19,0.06,0.06,0.12,0.06,0.12,Matches,4f28a6ff
278,Bernd Leno,de GER,GK,Fulham,30-339,1992,20,20,1800,20,0,0,0,0,0,0,2,0,0,0,0,0,0,0,0,0,0,0,0,0,0,0,0,0,0,Matches,2628fd2b
279,Jefferson Lerma,co COL,MFDF,Bournemouth,28-104,1994,21,21,1883,20.9,2,0,2,2,0,0,3,0,1.3,1.3,0.5,1.8,13,67,17,0.1,0,0.1,0.1,0.1,0.06,0.02,0.09,0.06,0.09,Matches,9b5ce51a
280,Jamal Lewis,nir NIR,DF,Newcastle Utd,25-012,1998,1,0,8,0.1,0,0,0,0,0,0,0,0,0,0,0,0,0,1,1,0,0,0,0,0,0,0,0,0,0,Matches,efb9215a
281,Rico Lewis,eng ENG,DFMF,Manchester City,18-077,2004,9,5,453,5,0,0,0,0,0,0,1,0,0,0,0.8,0.8,17,21,10,0,0,0,0,0,0.01,0.16,0.16,0.01,0.16,Matches,b57e066e
282,Keane Lewis-Potter,eng ENG,FWMF,Brentford,21-349,2001,9,3,306,3.4,0,1,1,0,0,0,0,0,0.5,0.5,1.2,1.7,8,4,35,0,0.29,0.29,0,0.29,0.14,0.37,0.51,0.14,0.51,Matches,41f08ac8
283,Victor Lindelöf,se SWE,DF,Manchester Utd,28-204,1994,7,4,443,4.9,0,0,0,0,0,0,0,0,0,0,0,0,1,15,0,0,0,0,0,0,0,0,0,0,0,Matches,f5deef4c
284,Jesse Lingard,eng ENG,FWMF,Nott'ham Forest,30-053,1992,14,11,861,9.6,0,0,0,0,0,0,1,0,1,1,0.7,1.7,10,32,31,0,0,0,0,0,0.11,0.07,0.18,0.11,0.18,Matches,810e3c74
285,Diego Llorente,es ESP,DF,Leeds United,29-174,1993,8,7,649,7.2,0,0,0,0,0,0,1,0,0.7,0.7,0,0.7,2,27,1,0,0,0,0,0,0.1,0,0.1,0.1,0.1,Matches,bba30585
286,Hugo Lloris,fr FRA,GK,Tottenham,36-042,1986,21,21,1890,21,0,0,0,0,0,0,0,0,0,0,0,0,0,0,0,0,0,0,0,0,0,0,0,0,0,Matches,8f62b6ee
287,Renan Lodi,br BRA,DF,Nott'ham Forest,24-304,1998,13,12,1009,11.2,0,0,0,0,0,0,2,0,0.6,0.6,0.5,1.1,15,18,38,0,0,0,0,0,0.06,0.04,0.1,0.06,0.1,Matches,ed9f7cfe
288,Ruben Loftus-Cheek,eng ENG,MFDF,Chelsea,27-014,1996,14,12,954,10.6,0,0,0,0,0,0,1,0,0.8,0.8,0.9,1.8,31,64,46,0,0,0,0,0,0.08,0.09,0.17,0.08,0.17,Matches,e97fd090
289,Sean Longstaff,eng ENG,MF,Newcastle Utd,25-099,1997,21,17,1595,17.7,1,3,4,1,0,0,2,0,1.8,1.8,2.8,4.6,9,77,73,0.06,0.17,0.23,0.06,0.23,0.1,0.16,0.26,0.1,0.26,Matches,a2b105e0
290,Jamal Lowe,jm JAM,MFFW,Bournemouth,28-200,1994,2,0,12,0.1,0,0,0,0,0,0,0,0,0,0,0,0,0,1,0,0,0,0,0,0,0,0,0,0,0,Matches,b2856bc0
291,Douglas Luiz,br BRA,MF,Aston Villa,24-273,1998,20,16,1434,15.9,2,4,6,2,0,0,2,1,0.9,0.9,2.5,3.4,24,63,16,0.13,0.25,0.38,0.13,0.38,0.06,0.16,0.21,0.06,0.21,Matches,6f7d826d
292,Lyanco,br BRA,DF,Southampton,26-005,1997,12,7,680,7.6,0,0,0,0,0,0,4,0,0.2,0.2,0.1,0.3,5,19,1,0,0,0,0,0,0.03,0.01,0.03,0.03,0.03,Matches,b5bf1770
293,Alexis Mac Allister,ar ARG,MF,Brighton,24-044,1998,17,16,1457,16.2,5,0,5,2,3,3,5,0,3.8,1.5,1.1,2.5,20,73,17,0.31,0,0.31,0.12,0.12,0.24,0.07,0.3,0.09,0.16,Matches,83d074ff
294,James Maddison,eng ENG,MFFW,Leicester City,26-075,1996,15,14,1186,13.2,8,4,12,8,0,0,5,0,3.2,3.2,3,6.2,34,83,76,0.61,0.3,0.91,0.61,0.91,0.25,0.23,0.47,0.25,0.47,Matches,ee38d9c5
295,Noni Madueke,eng ENG,FW,Chelsea,20-333,2002,1,0,45,0.5,0,0,0,0,0,0,0,0,0,0,0.1,0.1,3,4,5,0,0,0,0,0,0,0.21,0.21,0,0.21,Matches,bf34eebd
296,Harry Maguire,eng ENG,DF,Manchester Utd,29-338,1993,9,4,391,4.3,0,0,0,0,0,0,3,0,0.2,0.2,0,0.2,3,10,2,0,0,0,0,0,0.05,0.01,0.06,0.05,0.06,Matches,d8931174
297,Riyad Mahrez,dz ALG,FWMF,Manchester City,31-350,1991,16,10,898,10,4,3,7,4,0,0,2,0,3.3,3.3,3.2,6.5,34,46,128,0.4,0.3,0.7,0.4,0.7,0.33,0.32,0.65,0.33,0.65,Matches,892d5bb1
298,Ainsley Maitland-Niles,eng ENG,MFDF,Southampton,25-161,1997,10,5,544,6,0,0,0,0,0,0,2,0,0,0,0.4,0.4,3,22,9,0,0,0,0,0,0,0.06,0.06,0,0.06,Matches,e3a5814e
299,Tyrell Malacia,nl NED,DF,Manchester Utd,23-173,1999,12,9,836,9.3,0,0,0,0,0,0,3,0,0.2,0.2,0.1,0.3,13,27,19,0,0,0,0,0,0.02,0.01,0.03,0.02,0.03,Matches,6b6c793c
300,Orel Mangala,be BEL,MF,Nott'ham Forest,24-325,1998,13,9,638,7.1,0,0,0,0,0,0,1,0,0.3,0.3,0.1,0.4,10,25,6,0,0,0,0,0,0.05,0.01,0.06,0.05,0.06,Matches,a572e291
301,Javier Manquillo,es ESP,DF,Newcastle Utd,28-277,1994,1,0,11,0.1,0,0,0,0,0,0,0,0,0,0,0,0,2,1,1,0,0,0,0,0,0,0,0,0,0,Matches,758dd7f0
302,Sekou Mara,fr FRA,FWMF,Southampton,20-191,2002,14,3,327,3.6,0,1,1,0,0,0,0,0,0.8,0.8,0.5,1.3,2,5,19,0,0.28,0.28,0,0.28,0.22,0.14,0.35,0.22,0.35,Matches,3544641e
303,Solly March,eng ENG,FWDF,Brighton,28-201,1994,20,20,1717,19.1,4,4,8,4,0,0,2,0,4.5,4.5,2.7,7.2,59,81,213,0.21,0.21,0.42,0.21,0.42,0.24,0.14,0.38,0.24,0.38,Matches,bb5fbd2b
304,Emiliano Marcondes,dk DEN,MF,Bournemouth,27-334,1995,1,0,9,0.1,0,0,0,0,0,0,0,0,0,0,0,0,0,1,0,0,0,0,0,0,0,0,0,0,0,Matches,4d960fc3
305,Marquinhos,br BRA,MF,Arsenal,19-305,2003,1,0,1,0,0,0,0,0,0,0,0,0,0,0,0,0,0,0,0,0,0,0,0,0,0,0,0,0,0,Matches,59878425
306,Anthony Martial,fr FRA,FW,Manchester Utd,27-063,1995,9,6,458,5.1,3,2,5,2,1,1,0,0,3.2,2.4,0.9,3.3,7,15,28,0.59,0.39,0.98,0.39,0.79,0.63,0.18,0.81,0.47,0.66,Matches,8b788c01
307,Martinelli,br BRA,FW,Arsenal,21-233,2001,20,20,1665,18.5,7,2,9,7,0,0,2,0,4.3,4.3,5,9.3,78,64,213,0.38,0.11,0.49,0.38,0.49,0.23,0.27,0.5,0.23,0.5,Matches,48a5a5d6
308,Emiliano Martínez,ar ARG,GK,Aston Villa,30-157,1992,19,19,1654,18.4,0,0,0,0,0,0,3,0,0,0,0.3,0.3,0,0,0,0,0,0,0,0,0,0.01,0.01,0,0.01,Matches,7956236f
309,Lisandro Martínez,ar ARG,DF,Manchester Utd,25-019,1998,19,17,1478,16.4,1,0,1,1,0,0,4,0,0.2,0.2,0.1,0.2,8,50,0,0.06,0,0.06,0.06,0.06,0.01,0.01,0.01,0.01,0.01,Matches,bac46a10
310,Pape Matar Sarr,sn SEN,MF,Tottenham,20-145,2002,3,1,111,1.2,0,0,0,0,0,0,1,0,0,0,0,0.1,1,10,0,0,0,0,0,0,0.02,0.02,0.04,0.02,0.04,Matches,feb5d972
311,Jean-Philippe Mateta,fr FRA,FW,Crystal Palace,25-223,1997,17,3,441,4.9,1,0,1,1,0,0,2,0,1.7,1.7,0.6,2.3,4,4,22,0.2,0,0.2,0.2,0.2,0.35,0.13,0.47,0.35,0.47,Matches,50e6dc35
312,Joël Matip,cm CMR,DF,Liverpool,31-182,1991,9,7,642,7.1,0,0,0,0,0,0,1,0,0,0,0.1,0.1,18,30,1,0,0,0,0,0,0,0.01,0.01,0,0.01,Matches,b217ef29
313,Neal Maupay,fr FRA,FW,Everton,26-176,1996,14,7,712,7.9,1,0,1,1,0,0,3,0,2.1,2.1,0.5,2.6,7,7,34,0.13,0,0.13,0.13,0.13,0.26,0.06,0.32,0.26,0.32,Matches,4bcf39f6
314,Kevin Mbabu,ch SUI,DFFW,Fulham,27-293,1995,6,1,144,1.6,0,1,1,0,0,0,1,0,0,0,0.4,0.4,4,8,11,0,0.62,0.62,0,0.62,0,0.25,0.25,0,0.25,Matches,493924a7
315,Bryan Mbeumo,cm CMR,FW,Brentford,23-183,1999,21,21,1587,17.6,5,2,7,4,1,1,4,0,5.5,4.7,2.3,7,31,42,112,0.28,0.11,0.4,0.23,0.34,0.31,0.13,0.44,0.27,0.39,Matches,6afaebf2
316,John McGinn,sct SCO,MF,Aston Villa,28-111,1994,17,14,1223,13.6,0,1,1,0,0,0,4,0,1.2,1.2,1.3,2.5,9,60,29,0,0.07,0.07,0,0.07,0.09,0.1,0.19,0.09,0.19,Matches,90f91999
317,Scott McKenna,sct SCO,DF,Nott'ham Forest,26-086,1996,17,16,1456,16.2,0,0,0,0,0,0,4,0,0.1,0.1,0.8,0.9,5,33,1,0,0,0,0,0,0,0.05,0.06,0,0.06,Matches,4e5a4cbc
318,Weston McKennie,us USA,MF,Leeds United,24-162,1998,1,0,34,0.4,0,0,0,0,0,0,0,0,0,0,0,0,0,6,0,0,0,0,0,0,0,0,0,0,0,Matches,01c3aff5
319,Dwight McNeil,eng ENG,FWDF,Everton,23-076,1999,19,11,981,10.9,2,2,4,2,0,0,2,0,0.7,0.7,1.9,2.6,27,30,47,0.18,0.18,0.37,0.18,0.37,0.07,0.17,0.24,0.07,0.24,Matches,fc15fb84
320,Scott McTominay,sct SCO,MF,Manchester Utd,26-060,1996,15,7,753,8.4,0,0,0,0,0,0,5,0,0.8,0.8,0.2,1,5,19,15,0,0,0,0,0,0.09,0.03,0.12,0.09,0.12,Matches,d93c2511
321,Ben Mee,eng ENG,DF,Brentford,33-138,1989,20,20,1748,19.4,3,0,3,3,0,0,1,0,1.6,1.6,0.2,1.7,2,32,7,0.15,0,0.15,0.15,0.15,0.08,0.01,0.09,0.08,0.09,Matches,8df7a2fb
322,Edouard Mendy,sn SEN,GK,Chelsea,30-342,1992,9,8,765,8.5,0,0,0,0,0,0,1,0,0,0,0,0,0,0,0,0,0,0,0,0,0,0,0,0,0,Matches,33887998
323,Nampalys Mendy,sn SEN,MF,Leicester City,30-228,1992,10,2,352,3.9,0,0,0,0,0,0,0,0,0.1,0.1,0,0.1,1,10,3,0,0,0,0,0,0.03,0,0.03,0.03,0.03,Matches,1598599e
324,Chris Mepham,wls WAL,DF,Bournemouth,25-093,1997,17,17,1521,16.9,0,0,0,0,0,0,5,0,0.3,0.3,0.2,0.5,1,26,0,0,0,0,0,0,0.02,0.01,0.03,0.02,0.03,Matches,fed96827
325,Illan Meslier,fr FRA,GK,Leeds United,22-341,2000,20,20,1800,20,0,0,0,0,0,0,2,0,0,0,0,0,0,0,0,0,0,0,0,0,0,0,0,0,0,Matches,6b625ac2
326,Alexander Mighten,eng ENG,FW,Nott'ham Forest,20-301,2002,1,0,8,0.1,0,0,0,0,0,0,0,0,0,0,0,0,0,0,1,0,0,0,0,0,0,0,0,0,0,Matches,10ec4169
327,Luka Milivojević,rs SRB,MF,Crystal Palace,31-305,1991,11,2,293,3.3,0,0,0,0,0,0,0,0,0.2,0.2,0.2,0.4,1,14,2,0,0,0,0,0,0.07,0.05,0.13,0.07,0.13,Matches,2ce2508a
328,James Milner,eng ENG,DFMF,Liverpool,37-033,1986,14,5,546,6.1,0,1,1,0,0,0,1,0,0.4,0.4,0.7,1.1,12,40,52,0,0.16,0.16,0,0.16,0.06,0.12,0.18,0.06,0.18,Matches,2f90f6b8
329,Yerry Mina,co COL,DF,Everton,28-136,1994,3,3,234,2.6,1,0,1,1,0,0,1,0,0.2,0.2,0,0.2,1,7,1,0.38,0,0.38,0.38,0.38,0.09,0,0.09,0.09,0.09,Matches,6d5701f2
330,Tyrone Mings,eng ENG,DF,Aston Villa,29-330,1993,19,19,1710,19,0,1,1,0,0,0,4,0,0,0,0.6,0.6,9,57,6,0,0.05,0.05,0,0.05,0,0.03,0.03,0,0.03,Matches,8397a50c
331,Tyrick Mitchell,eng ENG,DF,Crystal Palace,23-158,1999,19,17,1370,15.2,0,2,2,0,0,0,3,1,0.3,0.3,0.7,1.1,14,60,39,0,0.13,0.13,0,0.13,0.02,0.05,0.07,0.02,0.07,Matches,5cbd1eb0
332,Kaoru Mitoma,jp JPN,FWDF,Brighton,25-262,1997,15,8,840,9.3,5,1,6,5,0,0,0,0,1.9,1.9,2.6,4.5,54,36,98,0.54,0.11,0.64,0.54,0.64,0.21,0.28,0.49,0.21,0.49,Matches,74618572
333,Aleksandar Mitrović,rs SRB,FW,Fulham,28-143,1994,18,18,1550,17.2,11,1,12,8,3,6,5,0,11.3,6.6,2,8.6,18,34,78,0.64,0.06,0.7,0.46,0.52,0.66,0.11,0.77,0.38,0.5,Matches,3925dbd6
334,Kieffer Moore,wls WAL,FW,Bournemouth,30-182,1992,20,12,1119,12.4,4,0,4,4,0,0,0,0,3.2,3.2,0.3,3.5,10,20,44,0.32,0,0.32,0.32,0.32,0.26,0.02,0.28,0.26,0.28,Matches,01ce9e70
335,Andrew Moran,ie IRL,FW,Brighton,19-114,2003,1,0,12,0.1,0,0,0,0,0,0,0,0,0,0,0,0,0,0,1,0,0,0,0,0,0,0,0,0,0,Matches,c4720845
336,Álex Moreno,es ESP,DF,Aston Villa,29-243,1993,3,1,216,2.4,0,0,0,0,0,0,1,0,0.3,0.3,0.3,0.6,5,6,27,0,0,0,0,0,0.12,0.12,0.24,0.12,0.24,Matches,16e9d0ea
337,Mason Mount,eng ENG,MFFW,Chelsea,24-027,1999,20,19,1516,16.8,3,2,5,3,0,0,3,0,1.9,1.9,2.9,4.9,46,92,106,0.18,0.12,0.3,0.18,0.3,0.12,0.17,0.29,0.12,0.29,Matches,9674002f
338,Lucas Moura,br BRA,MFDF,Tottenham,30-177,1992,8,0,98,1.1,0,0,0,0,0,0,0,0,0.1,0.1,0,0.1,3,7,10,0,0,0,0,0,0.08,0.04,0.12,0.08,0.12,Matches,2b622f01
339,João Moutinho,pt POR,MF,Wolves,36-151,1986,19,15,1351,15,0,2,2,0,0,0,2,0,0.9,0.9,2.1,3.1,13,110,20,0,0.13,0.13,0,0.13,0.06,0.14,0.2,0.06,0.2,Matches,f5a00fa4
340,Divin Mubama,eng ENG,FW,West Ham,18-104,2004,1,0,4,0,0,0,0,0,0,0,0,0,0,0,0,0,0,0,0,0,0,0,0,0,0,0,0,0,0,Matches,92868cb5
341,Mykhailo Mudryk,ua UKR,FW,Chelsea,22-032,2001,2,1,81,0.9,0,0,0,0,0,0,0,0,0.3,0.3,0,0.3,1,5,3,0,0,0,0,0,0.38,0,0.38,0.38,0.38,Matches,049a888d
342,Jacob Murphy,eng ENG,FW,Newcastle Utd,27-347,1995,21,5,547,6.1,1,1,2,1,0,0,0,0,0.8,0.8,0.6,1.4,33,22,54,0.16,0.16,0.33,0.16,0.33,0.13,0.1,0.23,0.13,0.23,Matches,de112b84
343,Enock Mwepu,zm ZAM,FWMF,Brighton,25-036,1998,6,2,213,2.4,0,1,1,0,0,0,0,0,0.2,0.2,0.5,0.7,5,6,17,0,0.42,0.42,0,0.42,0.09,0.2,0.29,0.09,0.29,Matches,1d5cab82
344,Vitaliy Mykolenko,ua UKR,DFMF,Everton,23-253,1999,21,21,1778,19.8,0,0,0,0,0,0,3,0,0.4,0.4,0.8,1.2,25,70,47,0,0,0,0,0,0.02,0.04,0.06,0.02,0.06,Matches,30d4a2e5
345,Keylor Navas,cr CRC,GK,Nott'ham Forest,36-053,1986,1,1,90,1,0,0,0,0,0,0,0,0,0,0,0,0,0,0,0,0,0,0,0,0,0,0,0,0,0,Matches,ecada4fc
346,Wilfred Ndidi,ng NGA,MFDF,Leicester City,26-052,1996,14,10,876,9.7,0,0,0,0,0,0,3,0,0.2,0.2,0,0.2,9,37,2,0,0,0,0,0,0.02,0,0.02,0.02,0.02,Matches,6b47c5db
347,Reiss Nelson,eng ENG,FW,Arsenal,23-058,1999,2,0,65,0.7,2,1,3,2,0,0,0,0,0.6,0.6,0.1,0.7,8,1,12,2.77,1.38,4.15,2.77,4.15,0.87,0.11,0.99,0.87,0.99,Matches,c5bdb6e3
348,Pedro Neto,pt POR,FWMF,Wolves,22-334,2000,8,8,599,6.7,0,0,0,0,0,0,1,0,0.7,0.7,1.2,1.9,26,18,79,0,0,0,0,0,0.1,0.18,0.28,0.1,0.28,Matches,7ba2eaa9
349,Neto,br BRA,GK,Bournemouth,33-202,1989,11,11,945,10.5,0,0,0,0,0,0,3,0,0,0,0,0,0,0,0,0,0,0,0,0,0,0,0,0,0,Matches,a9dc785c
350,Rúben Neves,pt POR,MF,Wolves,25-330,1997,20,20,1800,20,5,0,5,3,2,2,7,0,3.5,1.9,0.7,2.6,17,120,7,0.25,0,0.25,0.15,0.15,0.17,0.03,0.21,0.1,0.13,Matches,44bfb6c5
351,Moussa Niakhate,fr FRA,DF,Nott'ham Forest,26-335,1996,2,2,160,1.8,0,0,0,0,0,0,0,0,0.3,0.3,0,0.3,0,2,0,0,0,0,0,0,0.15,0,0.15,0.15,0.15,Matches,242715
352,Rasmus Nissen,dk DEN,DF,Leeds United,25-210,1997,14,13,1133,12.6,0,1,1,0,0,0,4,0,0.4,0.4,0.8,1.2,12,46,58,0,0.08,0.08,0,0.08,0.03,0.06,0.09,0.03,0.09,Matches,39769cff
353,Eddie Nketiah,eng ENG,FW,Arsenal,23-252,1999,18,6,691,7.7,4,0,4,4,0,0,1,0,5.6,5.6,0.3,5.8,23,9,52,0.52,0,0.52,0.52,0.52,0.72,0.03,0.76,0.72,0.76,Matches,a53649b7
354,Christian Nørgaard,dk DEN,MF,Brentford,28-333,1994,11,10,869,9.7,1,1,2,1,0,0,0,0,0.8,0.8,0.8,1.6,0,33,2,0.1,0.1,0.21,0.1,0.21,0.08,0.09,0.17,0.08,0.17,Matches,df0a4c90
355,Matheus Nunes,pt POR,MF,Wolves,24-163,1998,18,16,1339,14.9,0,1,1,0,0,0,1,0,2,2,1.6,3.6,37,48,79,0,0.07,0.07,0,0.07,0.13,0.11,0.24,0.13,0.24,Matches,e6af02e0
356,Darwin Núñez,uy URU,FW,Liverpool,23-227,1999,15,11,989,11,5,2,7,5,0,0,1,1,8.1,8.1,3.5,11.5,37,17,95,0.46,0.18,0.64,0.46,0.64,0.73,0.32,1.05,0.73,1.05,Matches,4d77b365
357,Ethan Nwaneri,eng ENG,FW,Arsenal,15-322,2007,1,0,1,0,0,0,0,0,0,0,0,0,0,0,0,0,0,0,0,0,0,0,0,0,0,0,0,0,0,Matches,7f94982c
358,Lewis O'Brien,eng ENG,MF,Nott'ham Forest,24-115,1998,13,6,584,6.5,1,0,1,1,0,0,2,0,0.3,0.3,0.2,0.5,13,21,3,0.15,0,0.15,0.15,0.15,0.05,0.03,0.08,0.05,0.08,Matches,089667a5
359,Martin Ødegaard,no NOR,MF,Arsenal,24-051,1998,19,19,1594,17.7,8,5,13,8,0,0,3,0,5.6,5.6,5,10.6,48,127,82,0.45,0.28,0.73,0.45,0.73,0.31,0.28,0.6,0.31,0.6,Matches,79300479
360,Angelo Ogbonna,it ITA,DF,West Ham,34-259,1988,6,4,387,4.3,0,0,0,0,0,0,0,0,0.1,0.1,0.2,0.3,0,0,1,0,0,0,0,0,0.03,0.04,0.07,0.03,0.07,Matches,74b2cd7e
361,Michael Olise,fr FRA,MFFW,Crystal Palace,21-056,2001,20,14,1292,14.4,2,4,6,2,0,0,2,0,1.3,1.3,3.3,4.6,50,63,108,0.14,0.28,0.42,0.14,0.42,0.09,0.23,0.32,0.09,0.32,Matches,c4486bac
362,Robin Olsen,se SWE,GK,Aston Villa,33-029,1990,3,2,236,2.6,0,0,0,0,0,0,0,0,0,0,0,0,0,0,0,0,0,0,0,0,0,0,0,0,0,Matches,e7ee38c3
363,Amadou Onana,be BEL,MF,Everton,21-174,2001,19,17,1485,16.5,1,1,2,1,0,0,6,0,1.9,1.9,1.8,3.6,22,45,23,0.06,0.06,0.12,0.06,0.12,0.11,0.11,0.22,0.11,0.22,Matches,828657ff
364,Josh Onomah,eng ENG,MF,Fulham,25-285,1997,2,0,15,0.2,0,0,0,0,0,0,0,0,0,0,0,0,1,0,0,0,0,0,0,0,0,0,0,0,0,Matches,6612cd8c
365,Paul Onuachu,ng NGA,FW,Southampton,28-254,1994,1,0,45,0.5,0,0,0,0,0,0,0,0,0,0,0.1,0.1,0,2,2,0,0,0,0,0,0.07,0.16,0.23,0.07,0.23,Matches,c06d1086
366,Frank Onyeka,ng NGA,MF,Brentford,25-036,1998,12,4,442,4.9,0,1,1,0,0,0,0,0,0.4,0.4,0.5,0.9,3,15,10,0,0.2,0.2,0,0.2,0.07,0.11,0.18,0.07,0.18,Matches,2944f86f
367,Mislav Oršić,hr CRO,MF,Southampton,30-039,1992,1,0,7,0.1,0,0,0,0,0,0,0,0,0,0,0,0,0,0,0,0,0,0,0,0,0,0,0,0,0,Matches,ee950928
368,Dango Ouattara,bf BFA,MF,Bournemouth,20-360,2002,2,2,180,2,0,1,1,0,0,0,0,0,0.9,0.9,0.1,1,8,1,12,0,0.5,0.5,0,0.5,0.45,0.04,0.49,0.45,0.49,Matches,2f9e4435
369,Alex Oxlade-Chamberlain,eng ENG,FWMF,Liverpool,29-175,1993,8,4,314,3.5,1,0,1,1,0,0,0,0,1.3,1.3,0.9,2.2,11,12,24,0.29,0,0.29,0.29,0.29,0.37,0.25,0.62,0.37,0.62,Matches,38c7feef
370,David Ozoh,,FW,Crystal Palace,17-251,2005,1,0,1,0,0,0,0,0,0,0,0,0,0,0,0,0,0,0,0,0,0,0,0,0,0,0,0,0,0,Matches,d00d45ab
371,João Palhinha,pt POR,MF,Fulham,27-212,1995,21,21,1865,20.7,3,0,3,3,0,0,8,0,2,2,0.3,2.2,4,63,14,0.14,0,0.14,0.14,0.14,0.1,0.01,0.11,0.1,0.11,Matches,a78ff07f
372,Cole Palmer,eng ENG,FWMF,Manchester City,20-276,2002,9,0,119,1.3,0,0,0,0,0,0,1,0,0.1,0.1,0.2,0.3,9,7,18,0,0,0,0,0,0.05,0.14,0.19,0.05,0.19,Matches,dc7f8a28
373,Emerson Palmieri,it ITA,DFMF,West Ham,28-187,1994,10,6,457,5.1,0,0,0,0,0,0,1,0,0.3,0.3,0.3,0.6,21,17,29,0,0,0,0,0,0.05,0.06,0.11,0.05,0.11,Matches,e0bc6fdc
374,Lucas Paquetá,br BRA,MF,West Ham,25-163,1997,14,13,1071,11.9,2,2,4,1,1,1,3,0,2.9,2.1,0.9,3.1,6,73,36,0.17,0.17,0.34,0.08,0.25,0.25,0.08,0.32,0.18,0.26,Matches,9b6f7fd5
375,Thomas Partey,gh GHA,MF,Arsenal,29-238,1993,17,17,1449,16.1,2,0,2,2,0,0,2,0,1.6,1.6,0.8,2.4,14,121,15,0.12,0,0.12,0.12,0.12,0.1,0.05,0.15,0.1,0.15,Matches,529f49ab
376,Nathan Patterson,sct SCO,DFMF,Everton,21-113,2001,13,11,988,11,0,0,0,0,0,0,3,0,0.5,0.5,0.4,0.9,13,20,42,0,0,0,0,0,0.04,0.03,0.08,0.04,0.08,Matches,230f0471
377,Ben Pearson,eng ENG,MF,Bournemouth,28-033,1995,7,3,286,3.2,0,0,0,0,0,0,1,0,0,0,0,0,2,5,4,0,0,0,0,0,0.01,0,0.01,0.01,0.01,Matches,a6b461e7
378,Andreas Pereira,br BRA,MF,Fulham,27-036,1996,22,22,1815,20.2,2,5,7,1,1,1,6,0,3.5,2.7,4.3,7,37,76,90,0.1,0.25,0.35,0.05,0.3,0.17,0.22,0.39,0.13,0.35,Matches,6639e500
379,Ayoze Pérez,es ESP,MFFW,Leicester City,29-192,1993,8,3,382,4.2,0,1,1,0,0,0,0,0,1.1,1.1,1.5,2.6,17,20,43,0,0.24,0.24,0,0.24,0.27,0.35,0.62,0.27,0.62,Matches,819aa8e7
380,Ivan Perišić,hr CRO,DFMF,Tottenham,34-004,1989,22,15,1346,15,0,5,5,0,0,0,3,0,1.5,1.5,3.7,5.2,58,42,114,0,0.33,0.33,0,0.33,0.1,0.25,0.35,0.1,0.35,Matches,6fe90922
381,Romain Perraud,fr FRA,DF,Southampton,25-137,1997,19,13,1106,12.3,2,2,4,2,0,0,2,0,1,1,1.5,2.4,19,37,74,0.16,0.16,0.33,0.16,0.33,0.08,0.12,0.2,0.08,0.2,Matches,6dfd8f05
382,Kalvin Phillips,eng ENG,MF,Manchester City,27-066,1995,3,0,21,0.2,0,0,0,0,0,0,0,0,0,0,0,0,0,1,0,0,0,0,0,0,0.18,0,0.18,0.18,0.18,Matches,4f565d77
383,Nathaniel Phillips,eng ENG,DF,Liverpool,25-322,1997,2,1,66,0.7,0,0,0,0,0,0,0,0,0,0,0,0,0,9,0,0,0,0,0,0,0.06,0,0.06,0.06,0.06,Matches,515ebe8d
384,Jordan Pickford,eng ENG,GK,Everton,28-336,1994,20,20,1800,20,0,1,1,0,0,0,4,0,0,0,0.1,0.1,0,1,0,0,0.05,0.05,0,0.05,0,0.01,0.01,0,0.01,Matches,4806ec67
385,Ethan Pinnock,jm JAM,DF,Brentford,29-253,1993,13,13,1170,13,0,0,0,0,0,0,0,0,1,1,0.6,1.6,1,25,7,0,0,0,0,0,0.07,0.05,0.12,0.07,0.12,Matches,e541326e
386,Daniel Podence,pt POR,FWMF,Wolves,27-108,1995,21,16,1312,14.6,5,0,5,5,0,0,4,0,3.1,3.1,1.9,5,31,75,110,0.34,0,0.34,0.34,0.34,0.21,0.13,0.34,0.21,0.34,Matches,7fcc71d8
387,Nick Pope,eng ENG,GK,Newcastle Utd,30-293,1992,21,21,1890,21,0,0,0,0,0,0,3,0,0,0,0,0,0,1,0,0,0,0,0,0,0,0,0,0,0,Matches,4b40d9ca
388,Dennis Praet,be BEL,MF,Leicester City,28-268,1994,11,4,363,4,1,0,1,1,0,0,1,0,0.5,0.5,0,0.5,10,10,24,0.25,0,0.25,0.25,0.25,0.12,0,0.12,0.12,0.12,Matches,86695068
389,Isaac Price,nir NIR,MF,Everton,19-133,2003,1,0,33,0.4,0,0,0,0,0,0,1,0,0,0,0.1,0.1,1,1,0,0,0,0,0,0,0,0.26,0.26,0,0.26,Matches,b9403c99
390,Christian Pulisic,us USA,FWDF,Chelsea,24-141,1998,16,6,609,6.8,1,1,2,1,0,0,1,0,1.3,1.3,0.5,1.8,28,16,56,0.15,0.15,0.3,0.15,0.3,0.19,0.08,0.27,0.19,0.27,Matches,1bf33a9a
391,Aaron Ramsdale,eng ENG,GK,Arsenal,24-268,1998,20,20,1800,20,0,0,0,0,0,0,0,0,0,0,0,0,0,4,0,0,0,0,0,0,0,0,0,0,0,Matches,466fb2c5
392,Jacob Ramsey,eng ENG,MF,Aston Villa,21-254,2001,18,15,1236,13.7,2,2,4,2,0,0,4,0,1.3,1.3,1.6,2.9,40,53,58,0.15,0.15,0.29,0.15,0.29,0.1,0.11,0.21,0.1,0.21,Matches,1544f145
393,Marcus Rashford,eng ENG,FW,Manchester Utd,25-098,1997,21,19,1705,18.9,10,3,13,10,0,0,2,0,8.2,8.2,2.3,10.5,49,51,142,0.53,0.16,0.69,0.53,0.69,0.43,0.12,0.56,0.43,0.56,Matches,a1d5bd30
394,David Raya,es ESP,GK,Brentford,27-144,1995,21,21,1890,21,0,0,0,0,0,0,1,0,0,0,0.1,0.1,0,8,0,0,0,0,0,0,0,0.01,0.01,0,0.01,Matches,98ea5115
395,Tim Ream,us USA,DF,Fulham,35-124,1987,22,22,1977,22,1,0,1,1,0,0,2,0,0.3,0.3,0,0.3,18,75,1,0.05,0,0.05,0.05,0.05,0.01,0,0.01,0.01,0.01,Matches,28b40c9c
396,Nathan Redmond,eng ENG,DF,Southampton,28-337,1994,1,0,1,0,0,0,0,0,0,0,0,0,0,0,0,0,0,0,1,0,0,0,0,0,0,0,0,0,0,Matches,ab651565
397,Harrison Reed,eng ENG,MF,Fulham,28-010,1995,21,21,1725,19.2,2,1,3,2,0,0,5,0,1.3,1.3,1.8,3.1,19,56,50,0.1,0.05,0.16,0.1,0.16,0.07,0.09,0.16,0.07,0.16,Matches,803ae100
398,Bobby Reid,jm JAM,FWDF,Fulham,30-004,1993,21,21,1733,19.3,4,1,5,4,0,0,7,0,3.4,3.4,1.2,4.6,40,43,127,0.21,0.05,0.26,0.21,0.26,0.18,0.06,0.24,0.18,0.24,Matches,0f7533cd
399,Declan Rice,eng ENG,MF,West Ham,24-023,1999,21,21,1890,21,1,1,2,1,0,1,3,0,1.8,1,2.2,3.2,53,153,23,0.05,0.05,0.1,0.05,0.1,0.08,0.11,0.19,0.05,0.15,Matches,1c7012b8
400,Chris Richards,us USA,DF,Crystal Palace,22-315,2000,7,3,348,3.9,0,0,0,0,0,0,0,0,0.7,0.7,0.3,1,1,8,1,0,0,0,0,0,0.18,0.07,0.25,0.18,0.25,Matches,0a3d6d2b
401,Richarlison,br BRA,MFFW,Tottenham,25-272,1997,13,5,487,5.4,0,2,2,0,0,0,2,0,1.8,1.8,1.3,3.1,14,19,41,0,0.37,0.37,0,0.37,0.33,0.25,0.57,0.33,0.57,Matches,fa031b34
402,Jaïro Riedewald,nl NED,DFFW,Crystal Palace,26-150,1996,4,0,49,0.5,0,0,0,0,0,0,0,0,0,0,0,0,1,0,1,0,0,0,0,0,0,0,0,0,0,Matches,7a1f2c08
403,Matt Ritchie,sct SCO,FW,Newcastle Utd,33-149,1989,2,0,4,0,0,0,0,0,0,0,0,0,0,0,0,0,0,0,0,0,0,0,0,0,0,0,0,0,0,Matches,71ef519e
404,Andrew Robertson,sct SCO,DF,Liverpool,28-332,1994,18,15,1322,14.7,0,5,5,0,0,0,0,0,1,1,3.4,4.4,36,76,120,0,0.34,0.34,0,0.34,0.07,0.23,0.3,0.07,0.3,Matches,2e4f5f03
405,Antonee Robinson,us USA,DF,Fulham,25-182,1997,19,19,1648,18.3,0,0,0,0,0,0,5,0,0,0,0.7,0.7,58,70,72,0,0,0,0,0,0,0.04,0.04,0,0.04,Matches,2.90E+11
406,Marc Roca,es ESP,MF,Leeds United,26-072,1996,20,19,1461,16.2,1,1,2,1,0,0,4,0,0.9,0.9,0.9,1.8,16,115,15,0.06,0.06,0.12,0.06,0.12,0.06,0.06,0.11,0.06,0.11,Matches,da27e268
407,Marek Rodák,sk SVK,GK,Fulham,26-055,1996,2,2,180,2,0,0,0,0,0,0,0,0,0,0,0,0,0,0,0,0,0,0,0,0,0,0,0,0,0,Matches,17acc2ed
408,Rodri,es ESP,MF,Manchester City,26-229,1996,20,20,1733,19.3,1,4,5,1,0,0,3,0,2.9,2.9,2.2,5.1,47,169,22,0.05,0.21,0.26,0.05,0.26,0.15,0.12,0.27,0.15,0.27,Matches,6434f10d
409,Rodrigo,es ESP,FWMF,Leeds United,31-337,1991,18,17,1296,14.4,10,1,11,9,1,1,3,0,6.5,5.7,1.5,7.2,31,30,107,0.69,0.07,0.76,0.62,0.69,0.45,0.1,0.55,0.4,0.5,Matches,1fb1c435
410,Mads Roerslev,dk DEN,DF,Brentford,23-227,1999,13,9,843,9.4,0,0,0,0,0,0,0,0,0.3,0.3,1,1.3,7,16,27,0,0,0,0,0,0.03,0.1,0.14,0.03,0.14,Matches,57c94db2
411,Cristian Romero,ar ARG,DF,Tottenham,24-285,1998,14,13,1194,13.3,0,0,0,0,0,0,7,1,0.7,0.7,0.3,0.9,12,51,4,0,0,0,0,0,0.05,0.02,0.07,0.05,0.07,Matches,a3d94a58
412,Oriol Romeu,es ESP,MF,Southampton,31-135,1991,1,1,74,0.8,0,0,0,0,0,0,0,0,0,0,0,0,2,4,0,0,0,0,0,0,0,0,0,0,0,Matches,4b511457
413,Cristiano Ronaldo,pt POR,FW,Manchester Utd,38-001,1985,10,4,525,5.8,1,0,1,1,0,0,2,0,1.9,1.9,0.4,2.3,9,12,33,0.17,0,0.17,0.17,0.17,0.32,0.07,0.4,0.32,0.4,Matches,dea698d9
414,Connor Ronan,ie IRL,MF,Wolves,24-337,1998,1,0,1,0,0,0,0,0,0,0,0,0,0,0,0,0,0,0,1,0,0,0,0,0,0,0,0,0,0,Matches,1b804500
415,Salomón Rondón,ve VEN,FW,Everton,33-143,1989,7,1,109,1.2,0,0,0,0,0,0,0,0,0.8,0.8,0.2,1,0,1,7,0,0,0,0,0,0.66,0.13,0.79,0.66,0.79,Matches,b318a643
416,Joe Rothwell,eng ENG,MFDF,Bournemouth,28-026,1995,7,1,157,1.7,0,0,0,0,0,0,0,0,0,0,0.2,0.2,0,8,1,0,0,0,0,0,0.02,0.1,0.12,0.02,0.12,Matches,10a10454
417,Georginio Rutter,fr FRA,FW,Leeds United,20-292,2002,1,0,24,0.3,0,0,0,0,0,0,0,0,0,0,0,0,0,0,0,0,0,0,0,0,0,0,0,0,0,Matches,c64c01fc
418,José Sá,pt POR,GK,Wolves,30-020,1993,21,21,1890,21,0,0,0,0,0,0,0,0,0,0,0,0,0,0,0,0,0,0,0,0,0,0,0,0,0,Matches,903b6e8b
419,Marcel Sabitzer,at AUT,MF,Manchester Utd,28-326,1994,1,0,10,0.1,0,0,0,0,0,0,0,0,0,0,0,0,0,0,1,0,0,0,0,0,0,0,0,0,0,Matches,e280527c
420,Allan Saint-Maximin,fr FRA,FW,Newcastle Utd,25-331,1997,13,5,552,6.1,1,3,4,1,0,0,1,0,1,1,1.2,2.3,43,34,65,0.16,0.49,0.65,0.16,0.65,0.17,0.2,0.37,0.17,0.37,Matches,2b16cb1a
421,Bukayo Saka,eng ENG,FW,Arsenal,21-154,2001,20,20,1711,19,7,7,14,6,1,1,4,0,6.1,5.5,4.6,10,98,48,265,0.37,0.37,0.74,0.32,0.68,0.32,0.24,0.56,0.29,0.53,Matches,bc7dc64d
422,Mohamed Salah,eg EGY,FW,Liverpool,30-236,1992,20,20,1776,19.7,7,4,11,7,0,0,0,0,9.2,9.2,3.7,12.9,51,66,206,0.35,0.2,0.56,0.35,0.56,0.46,0.19,0.65,0.46,0.65,Matches,e342ad68
423,William Saliba,fr FRA,DF,Arsenal,21-319,2001,20,20,1785,19.8,2,1,3,2,0,0,4,0,0.9,0.9,0.9,1.8,5,62,1,0.1,0.05,0.15,0.1,0.15,0.05,0.04,0.09,0.05,0.09,Matches,972aeb2a
424,Mohammed Salisu,gh GHA,DF,Southampton,23-295,1999,20,20,1799,20,0,1,1,0,0,0,5,0,1.2,1.2,0.5,1.7,5,77,4,0,0.05,0.05,0,0.05,0.06,0.02,0.08,0.06,0.08,Matches,0b33f6ad
425,Albert Sambi Lokonga,be BEL,MF,Crystal Palace,23-107,1999,1,0,19,0.2,0,0,0,0,0,0,0,0,0,0,0,0,0,3,1,0,0,0,0,0,0,0,0,0,0,Matches,1b4f1169
426,Albert Sambi Lokonga,be BEL,MF,Arsenal,23-107,1999,6,2,198,2.2,0,0,0,0,0,0,0,0,0,0,0,0,0,12,2,0,0,0,0,0,0,0.01,0.01,0,0.01,Matches,1b4f1169
427,Davinson Sánchez,co COL,DF,Tottenham,26-239,1996,12,6,558,6.2,0,0,0,0,0,0,1,0,0.3,0.3,0.1,0.4,4,24,3,0,0,0,0,0,0.05,0.01,0.07,0.05,0.07,Matches,da7b447d
428,Robert Sánchez,es ESP,GK,Brighton,25-080,1997,20,20,1800,20,0,0,0,0,0,0,1,0,0,0,0,0,0,0,0,0,0,0,0,0,0,0,0,0,0,Matches,6a713852
429,Jadon Sancho,eng ENG,FW,Manchester Utd,22-318,2000,10,10,714,7.9,2,1,3,2,0,0,0,0,1.6,1.6,0.8,2.5,35,26,62,0.25,0.13,0.38,0.25,0.38,0.21,0.1,0.31,0.21,0.31,Matches,dbf053da
430,Morgan Sanson,fr FRA,MF,Aston Villa,28-172,1994,2,0,11,0.1,0,0,0,0,0,0,0,0,0,0,0,0,0,1,0,0,0,0,0,0,0,0,0,0,0,Matches,6e7f1353
431,Pablo Sarabia,es ESP,FW,Wolves,30-271,1992,2,1,104,1.2,0,0,0,0,0,0,0,0,0.4,0.4,0,0.4,1,3,4,0,0,0,0,0,0.35,0,0.35,0.35,0.35,Matches,9744ff80
432,Jeremy Sarmiento,ec ECU,MF,Brighton,20-235,2002,7,1,165,1.8,0,1,1,0,0,0,1,0,0.3,0.3,0.2,0.5,5,8,18,0,0.55,0.55,0,0.55,0.19,0.11,0.3,0.19,0.3,Matches,ac0d576d
433,Gianluca Scamacca,it ITA,FW,West Ham,24-036,1999,16,11,926,10.3,3,0,3,3,0,0,3,0,2.5,2.5,0.7,3.1,13,17,48,0.29,0,0.29,0.29,0.29,0.24,0.07,0.31,0.24,0.31,Matches,8790f988
434,Gustavo Scarpa,br BRA,MF,Nott'ham Forest,29-032,1994,3,1,105,1.2,0,0,0,0,0,0,1,0,0.2,0.2,0,0.2,8,8,3,0,0,0,0,0,0.15,0.03,0.17,0.15,0.17,Matches,2964fd20
435,Kevin Schade,de GER,FWMF,Brentford,21-071,2001,2,0,26,0.3,0,0,0,0,0,0,0,0,0,0,0,0,1,0,1,0,0,0,0,0,0,0,0,0,0,Matches,52afb588
436,Fabian Schär,ch SUI,DF,Newcastle Utd,31-048,1991,20,20,1783,19.8,1,0,1,1,0,0,4,0,2.4,2.4,1,3.4,19,83,14,0.05,0,0.05,0.05,0.05,0.12,0.05,0.17,0.12,0.17,Matches,c8aa95da
437,Jeffrey Schlupp,gh GHA,MF,Crystal Palace,30-045,1992,21,18,1560,17.3,1,0,1,1,0,0,5,0,1.4,1.4,0.5,1.9,20,59,35,0.06,0,0.06,0.06,0.06,0.08,0.03,0.11,0.08,0.11,Matches,3312f911
438,Nélson Semedo,pt POR,DF,Wolves,29-082,1993,19,14,1189,13.2,0,1,1,0,0,0,4,1,0.1,0.1,0.4,0.4,28,45,62,0,0.08,0.08,0,0.08,0.01,0.03,0.03,0.01,0.03,Matches,d04b94db
439,Antoine Semenyo,gh GHA,FW,Bournemouth,23-030,2000,1,1,90,1,0,0,0,0,0,0,0,0,0.2,0.2,0,0.2,3,3,3,0,0,0,0,0,0.16,0,0.16,0.16,0.16,Matches,efd2ec23
440,Marcos Senesi,ar ARG,DF,Bournemouth,25-272,1997,17,16,1376,15.3,0,0,0,0,0,0,2,0,0.1,0.1,0.2,0.3,3,27,1,0,0,0,0,0,0.01,0.01,0.02,0.01,0.02,Matches,35141f4c
441,Ryan Sessegnon,eng ENG,DF,Tottenham,22-264,2000,17,9,813,9,2,0,2,2,0,0,4,0,1.6,1.6,1.1,2.7,24,22,64,0.22,0,0.22,0.22,0.22,0.18,0.12,0.3,0.18,0.3,Matches,6aa3e78b
442,Luke Shaw,eng ENG,DF,Manchester Utd,27-209,1995,17,16,1413,15.7,1,1,2,1,0,0,4,0,0.5,0.5,1.7,2.2,40,77,47,0.06,0.06,0.13,0.06,0.13,0.03,0.11,0.14,0.03,0.14,Matches,9c94165b
443,Jonjo Shelvey,eng ENG,MF,Newcastle Utd,30-344,1992,3,0,37,0.4,0,0,0,0,0,0,0,0,0,0,0,0,0,3,0,0,0,0,0,0,0,0,0,0,0,Matches,3727dd3c
444,Bernardo Silva,pt POR,MFFW,Manchester City,28-180,1994,20,16,1410,15.7,2,5,7,2,0,0,2,0,1.4,1.4,2.4,3.8,65,77,137,0.13,0.32,0.45,0.13,0.45,0.09,0.15,0.24,0.09,0.24,Matches,3eb22ec9
445,Thiago Silva,br BRA,DF,Chelsea,38-137,1984,19,18,1704,18.9,0,2,2,0,0,0,1,0,1,1,0.4,1.4,3,76,1,0,0.11,0.11,0,0.11,0.05,0.02,0.07,0.05,0.07,Matches,86e7deaf
446,Ellis Simms,eng ENG,FW,Everton,22-032,2001,2,0,17,0.2,0,0,0,0,0,0,0,0,0,0,0,0,0,2,2,0,0,0,0,0,0,0,0,0,0,Matches,26d3b5be
447,Luis Sinisterra,co COL,FW,Leeds United,23-234,1999,11,7,530,5.9,2,0,2,2,0,0,3,1,1.8,1.8,0.2,2.1,18,21,52,0.34,0,0.34,0.34,0.34,0.31,0.04,0.35,0.31,0.35,Matches,8e16dd48
448,Oliver Skipp,eng ENG,MF,Tottenham,22-143,2000,8,3,198,2.2,0,0,0,0,0,0,2,0,0.1,0.1,0.2,0.3,4,7,10,0,0,0,0,0,0.03,0.11,0.14,0.03,0.14,Matches,6250083a
449,Adam Smith,eng ENG,DF,Bournemouth,31-283,1991,20,20,1727,19.2,0,1,1,0,0,0,6,0,0.4,0.4,0.6,1,16,60,18,0,0.05,0.05,0,0.05,0.02,0.03,0.05,0.02,0.05,Matches,20b104bc
450,Emile Smith Rowe,eng ENG,MFFW,Arsenal,22-193,2000,5,0,52,0.6,0,0,0,0,0,0,0,0,0.1,0.1,0.3,0.4,0,2,3,0,0,0,0,0,0.16,0.49,0.65,0.16,0.65,Matches,17695062
451,Cédric Soares,pt POR,DF,Arsenal,31-159,1991,2,0,29,0.3,0,0,0,0,0,0,0,0,0,0,0,0,1,3,0,0,0,0,0,0,0,0,0,0,0,Matches,839c14e1
452,Dominic Solanke,eng ENG,FWMF,Bournemouth,25-145,1997,16,15,1341,14.9,3,3,6,3,0,0,1,0,2.9,2.9,1.2,4.1,26,22,69,0.2,0.2,0.4,0.2,0.4,0.2,0.08,0.28,0.2,0.28,Matches,e77dc3b2
453,Manor Solomon,il ISR,FW,Fulham,23-197,1999,4,0,60,0.7,0,0,0,0,0,0,0,0,0,0,0,0,0,3,3,0,0,0,0,0,0.05,0.02,0.07,0.05,0.07,Matches,886f9aac
454,Tomáš Souček,cz CZE,MF,West Ham,27-344,1995,21,18,1578,17.5,1,1,2,1,0,0,1,0,2.5,2.5,0.7,3.3,6,54,26,0.06,0.06,0.11,0.06,0.11,0.14,0.04,0.19,0.14,0.19,Matches,6613c819
455,Boubakary Soumaré,fr FRA,MF,Leicester City,23-344,1999,14,12,836,9.3,0,0,0,0,0,0,4,0,0,0,0.1,0.1,10,35,11,0,0,0,0,0,0,0.01,0.01,0,0.01,Matches,ae59b359
456,Harry Souttar,au AUS,DF,Leicester City,24-107,1998,1,1,90,1,0,0,0,0,0,0,0,0,0,0,0,0,0,0,1,0,0,0,0,0,0,0,0,0,0,Matches,0a6cb1b1
457,Çağlar Söyüncü,tr TUR,DF,Leicester City,26-259,1996,2,1,79,0.9,0,0,0,0,0,0,1,0,0,0,0,0,1,3,0,0,0,0,0,0,0,0,0,0,0,Matches,21166ff4
458,Djed Spence,eng ENG,FWDF,Tottenham,22-181,2000,4,0,7,0.1,0,0,0,0,0,0,0,0,0.1,0.1,0,0.1,2,0,2,0,0,0,0,0,0.83,0,0.83,0.83,0.83,Matches,9bc9a519
459,Jack Stacey,eng ENG,DF,Bournemouth,26-306,1996,9,3,297,3.3,0,0,0,0,0,0,2,0,0.1,0.1,0,0.1,9,2,15,0,0,0,0,0,0.03,0,0.03,0.03,0.03,Matches,558807c0
460,Junior Stanislas,eng ENG,MF,Bournemouth,33-072,1989,4,0,61,0.7,0,0,0,0,0,0,0,0,0,0,0.1,0.2,0,4,5,0,0,0,0,0,0.05,0.19,0.25,0.05,0.25,Matches,6992791d
461,Jay Stansfield,eng ENG,FW,Fulham,20-074,2002,3,1,87,1,0,0,0,0,0,0,0,0,0.3,0.3,0.1,0.3,2,0,4,0,0,0,0,0,0.26,0.09,0.35,0.26,0.35,Matches,b2626673
462,Jack Stephens,eng ENG,DF,Southampton,29-010,1994,2,0,46,0.5,0,0,0,0,0,0,0,0,0,0,0,0,3,3,0,0,0,0,0,0,0,0,0,0,0,Matches,6adbc307
463,Jack Stephens,eng ENG,DF,Bournemouth,29-010,1994,4,2,183,2,0,0,0,0,0,0,0,0,0,0,0.1,0.1,0,5,1,0,0,0,0,0,0,0.07,0.07,0,0.07,Matches,6adbc307
464,Raheem Sterling,eng ENG,FWMF,Chelsea,28-060,1994,16,14,1144,12.7,4,2,6,4,0,0,3,0,3.4,3.4,2.9,6.4,43,36,106,0.31,0.16,0.47,0.31,0.47,0.27,0.23,0.5,0.27,0.5,Matches,b400bde0
465,John Stones,eng ENG,DF,Manchester City,28-254,1994,14,13,1181,13.1,0,2,2,0,0,0,1,0,0.6,0.6,1.3,1.9,21,75,18,0,0.15,0.15,0,0.15,0.04,0.1,0.14,0.04,0.14,Matches,5eecec3d
466,Pascal Struijk,nl NED,DF,Leeds United,23-179,1999,19,19,1655,18.4,2,1,3,2,0,0,4,0,1,1,2.3,3.4,22,100,45,0.11,0.05,0.16,0.11,0.16,0.06,0.13,0.18,0.06,0.18,Matches,f4d296e4
467,Kamaldeen Sulemana,gh GHA,MF,Southampton,20-356,2002,1,0,45,0.5,0,0,0,0,0,0,0,0,0,0,0,0.1,0,1,4,0,0,0,0,0,0.03,0.1,0.13,0.03,0.13,Matches,a62f8bf1
468,Crysencio Summerville,nl NED,FW,Leeds United,21-099,2001,13,5,590,6.6,4,1,5,4,0,0,2,0,1.5,1.5,0.8,2.3,24,20,41,0.61,0.15,0.76,0.61,0.76,0.23,0.12,0.35,0.23,0.35,Matches,df04eb4b
469,Sam Surridge,eng ENG,FW,Nott'ham Forest,24-193,1998,14,1,264,2.9,1,0,1,1,0,0,2,0,1.8,1.8,0.1,1.8,2,5,13,0.34,0,0.34,0.34,0.34,0.61,0.02,0.63,0.61,0.63,Matches,b017b770
470,Japhet Tanganga,eng ENG,DF,Tottenham,23-312,1999,1,1,66,0.7,0,0,0,0,0,0,0,0,0,0,0,0,0,1,1,0,0,0,0,0,0,0,0,0,0,Matches,e9971f2d
471,Matt Targett,eng ENG,DF,Newcastle Utd,27-141,1995,10,4,426,4.7,0,0,0,0,0,0,0,0,0,0,0.3,0.3,2,31,12,0,0,0,0,0,0,0.07,0.07,0,0.07,Matches,e514ab62
472,James Tarkowski,eng ENG,DF,Everton,30-079,1992,21,21,1890,21,1,0,1,1,0,0,4,0,1.4,1.4,1.1,2.5,8,55,4,0.05,0,0.05,0.05,0.05,0.06,0.05,0.12,0.06,0.12,Matches,15ea812b
473,Marcus Tavernier,eng ENG,MFFW,Bournemouth,23-321,1999,15,15,1283,14.3,2,4,6,2,0,0,1,0,1.7,1.7,2.2,3.8,49,31,99,0.14,0.28,0.42,0.14,0.42,0.12,0.15,0.27,0.12,0.27,Matches,5c0da4a4
474,Kenny Tete,nl NED,DF,Fulham,27-120,1995,16,15,1327,14.7,0,4,4,0,0,0,6,0,0.3,0.3,1,1.3,36,51,32,0,0.27,0.27,0,0.27,0.02,0.07,0.09,0.02,0.09,Matches,77d7c96f
475,Tetê,br BRA,FW,Leicester City,22-356,2000,1,1,82,0.9,1,0,1,1,0,0,0,0,0.8,0.8,0,0.8,5,1,7,1.1,0,1.1,1.1,1.1,0.87,0,0.87,0.87,0.87,Matches,7120a04d
476,Luke Thomas,eng ENG,DF,Leicester City,21-241,2001,10,8,691,7.7,0,0,0,0,0,0,1,0,0.1,0.1,0.6,0.7,5,35,7,0,0,0,0,0,0.01,0.08,0.09,0.01,0.09,Matches,fc027d02
477,Youri Tielemans,be BEL,MF,Leicester City,25-275,1997,21,19,1647,18.3,3,1,4,2,1,2,3,0,2.3,0.7,3.7,4.4,25,137,46,0.16,0.05,0.22,0.11,0.16,0.13,0.2,0.33,0.04,0.24,Matches,56f7a928
478,Kieran Tierney,sct SCO,DF,Arsenal,25-246,1997,15,4,469,5.2,0,0,0,0,0,0,0,0,0.3,0.3,0.2,0.4,15,25,21,0,0,0,0,0,0.05,0.03,0.08,0.05,0.08,Matches,fce2302c
479,Harry Toffolo,eng ENG,DF,Nott'ham Forest,27-171,1995,10,6,613,6.8,0,0,0,0,0,0,0,0,0.2,0.2,0.7,0.9,7,21,32,0,0,0,0,0,0.02,0.1,0.13,0.02,0.13,Matches,a105d46a
480,Takehiro Tomiyasu,jp JPN,DF,Arsenal,24-093,1998,16,4,512,5.7,0,1,1,0,0,0,1,0,0.1,0.1,0.6,0.7,7,42,13,0,0.18,0.18,0,0.18,0.01,0.1,0.12,0.01,0.12,Matches,b3af9be1
481,James Tomkins,eng ENG,DF,Crystal Palace,33-314,1989,3,1,157,1.7,0,0,0,0,0,0,2,1,0,0,0,0,1,1,1,0,0,0,0,0,0.02,0,0.02,0.02,0.02,Matches,e7ca0439
482,Ivan Toney,eng ENG,FW,Brentford,26-327,1996,19,19,1700,18.9,13,3,16,9,4,4,8,0,11,7.8,2.7,10.5,5,42,91,0.69,0.16,0.85,0.48,0.64,0.58,0.14,0.72,0.41,0.56,Matches,e09f279b
483,Adama Traoré,es ESP,FWMF,Wolves,27-012,1996,18,7,855,9.5,1,1,2,1,0,0,0,0,0.8,0.8,2.2,2.9,48,23,85,0.11,0.11,0.21,0.11,0.21,0.08,0.23,0.31,0.08,0.31,Matches,9a28eba4
484,Boubacar Traoré,ml MLI,MF,Wolves,21-170,2001,8,4,384,4.3,0,1,1,0,0,0,2,0,0.1,0.1,0.2,0.2,4,8,2,0,0.23,0.23,0,0.23,0.02,0.04,0.06,0.02,0.06,Matches,999ceb5f
485,Mark Travers,ie IRL,GK,Bournemouth,23-264,1999,11,10,945,10.5,0,0,0,0,0,0,0,0,0,0,0,0,0,0,0,0,0,0,0,0,0,0,0,0,0,Matches,fe558029
486,Kieran Trippier,eng ENG,DF,Newcastle Utd,32-140,1990,21,21,1864,20.7,1,4,5,1,0,0,5,0,0.5,0.5,6.5,7,20,130,90,0.05,0.19,0.24,0.05,0.24,0.02,0.31,0.34,0.02,0.34,Matches,21512407
487,Leandro Trossard,be BEL,FW,Arsenal,28-064,1994,2,0,41,0.5,0,0,0,0,0,0,0,0,0.1,0.1,0,0.1,5,2,9,0,0,0,0,0,0.21,0,0.21,0.21,0.21,Matches,38ceb24a
488,Leandro Trossard,be BEL,FWMF,Brighton,28-064,1994,16,16,1315,14.6,7,2,9,7,0,0,1,0,4.4,4.4,2.1,6.5,40,67,118,0.48,0.14,0.62,0.48,0.62,0.3,0.14,0.45,0.3,0.45,Matches,38ceb24a
489,Kostas Tsimikas,gr GRE,DF,Liverpool,26-270,1996,13,5,446,5,0,3,3,0,0,0,1,0,0.6,0.6,0.8,1.5,18,18,60,0,0.61,0.61,0,0.61,0.13,0.17,0.3,0.13,0.3,Matches,f315ca93
490,Deniz Undav,de GER,FWMF,Brighton,26-202,1996,9,1,175,1.9,0,0,0,0,0,0,0,0,1.3,1.3,0.7,2,2,3,15,0,0,0,0,0,0.66,0.36,1.02,0.66,1.02,Matches,dd549382
491,Yan Valery,tn TUN,DF,Southampton,23-349,1999,1,1,45,0.5,0,0,0,0,0,0,0,0,0,0,0,0,0,0,0,0,0,0,0,0,0,0,0,0,0,Matches,531a4aa8
492,Virgil van Dijk,nl NED,DF,Liverpool,31-213,1991,17,17,1485,16.5,2,0,2,2,0,0,1,0,1.1,1.1,0.2,1.2,8,72,4,0.12,0,0.12,0.12,0.12,0.06,0.01,0.07,0.06,0.07,Matches,e06683ca
493,Raphaël Varane,fr FRA,DF,Manchester Utd,29-287,1993,16,14,1209,13.4,0,0,0,0,0,0,1,0,0.2,0.2,0.1,0.3,8,33,1,0,0,0,0,0,0.01,0.01,0.02,0.01,0.02,Matches,9f8e9423
494,Jamie Vardy,eng ENG,FW,Leicester City,36-026,1987,21,11,1161,12.9,1,4,5,1,0,0,1,0,2.5,2.5,0.7,3.2,12,8,69,0.08,0.31,0.39,0.08,0.39,0.19,0.05,0.24,0.19,0.24,Matches,45963054
495,Joël Veltman,nl NED,DF,Brighton,31-022,1992,18,14,1283,14.3,0,1,1,0,0,0,2,0,0.6,0.6,0.2,0.8,29,96,19,0,0.07,0.07,0,0.07,0.04,0.02,0.06,0.04,0.06,Matches,dad4b285
496,Fabio Vieira,pt POR,MFFW,Arsenal,22-252,2000,11,1,264,2.9,1,1,2,1,0,0,0,0,0.3,0.3,1.1,1.5,2,12,16,0.34,0.34,0.68,0.34,0.68,0.11,0.39,0.5,0.11,0.5,Matches,6412cc03
497,Matías Viña,uy URU,MF,Bournemouth,25-089,1997,1,0,10,0.1,0,0,0,0,0,0,0,0,0,0,0,0,0,0,0,0,0,0,0,0,0,0,0,0,0,Matches,08eb3b58
498,Rúben Vinagre,pt POR,DFMF,Everton,23-303,1999,2,0,26,0.3,0,0,0,0,0,0,0,0,0,0,0,0,2,0,1,0,0,0,0,0,0,0,0,0,0,Matches,b937e490
499,Carlos Vinícius,br BRA,FW,Fulham,27-318,1995,14,4,428,4.8,1,0,1,1,0,0,1,0,1.1,1.1,0.5,1.6,2,4,17,0.21,0,0.21,0.21,0.21,0.22,0.1,0.33,0.22,0.33,Matches,8b529245
500,Theo Walcott,eng ENG,FWMF,Southampton,33-327,1989,4,1,139,1.5,0,0,0,0,0,0,1,0,0.2,0.2,0,0.3,3,2,9,0,0,0,0,0,0.14,0.03,0.17,0.14,0.17,Matches,1ecb65be
501,Kyle Walker,eng ENG,DF,Manchester City,32-254,1990,11,10,793,8.8,0,0,0,0,0,0,1,0,0.4,0.4,0.1,0.5,23,82,19,0,0,0,0,0,0.04,0.02,0.06,0.04,0.06,Matches,86dd77d1
502,Kyle Walker-Peters,eng ENG,DF,Southampton,25-299,1997,16,16,1402,15.6,1,0,1,1,0,0,2,0,0.7,0.7,0.9,1.6,55,48,63,0.06,0,0.06,0.06,0.06,0.05,0.06,0.11,0.05,0.11,Matches,984a5a64
503,Aaron Wan-Bissaka,eng ENG,DF,Manchester Utd,25-072,1997,8,7,609,6.8,0,0,0,0,0,0,0,0,0,0,0.5,0.6,16,20,23,0,0,0,0,0,0.01,0.08,0.08,0.01,0.08,Matches,9e525177
504,Danny Ward,wls WAL,GK,Leicester City,29-229,1993,21,21,1890,21,0,0,0,0,0,0,0,0,0,0,0,0,0,0,0,0,0,0,0,0,0,0,0,0,0,Matches,d3ce0e89
505,Joel Ward,eng ENG,DF,Crystal Palace,33-100,1989,16,14,1295,14.4,0,0,0,0,0,0,4,0,0,0,0.1,0.1,7,49,23,0,0,0,0,0,0,0,0.01,0,0.01,Matches,8a7ff278
506,James Ward-Prowse,eng ENG,MF,Southampton,28-097,1994,21,21,1890,21,5,2,7,5,0,1,2,0,2.6,1.7,3.9,5.6,13,113,30,0.24,0.1,0.33,0.24,0.33,0.13,0.18,0.31,0.08,0.27,Matches,3515d404
507,Ollie Watkins,eng ENG,FW,Aston Villa,27-038,1995,20,19,1628,18.1,5,4,9,5,0,0,1,0,6.6,6.6,2.2,8.8,26,25,100,0.28,0.22,0.5,0.28,0.5,0.36,0.12,0.48,0.36,0.48,Matches,aed3a70f
508,Adam Webster,eng ENG,DF,Brighton,28-033,1995,15,13,1173,13,0,0,0,0,0,0,1,0,1.3,1.3,0,1.3,12,65,5,0,0,0,0,0,0.1,0,0.1,0.1,0.1,Matches,c40b6180
509,Wout Weghorst,nl NED,FW,Manchester Utd,30-183,1992,3,3,216,2.4,0,0,0,0,0,0,0,0,0.2,0.2,0.4,0.6,0,4,11,0,0,0,0,0,0.09,0.17,0.26,0.09,0.26,Matches,c4e87b8b
510,Danny Welbeck,eng ENG,FW,Brighton,32-072,1990,16,13,1142,12.7,1,2,3,1,0,0,0,0,4.9,4.9,2.5,7.4,15,21,76,0.08,0.16,0.24,0.08,0.24,0.38,0.2,0.58,0.38,0.58,Matches,ce5143da
511,Ben White,eng ENG,DF,Arsenal,25-121,1997,20,20,1593,17.7,0,2,2,0,0,0,4,0,0.3,0.3,1.1,1.4,37,139,46,0,0.11,0.11,0,0.11,0.02,0.06,0.08,0.02,0.08,Matches,35e413f1
512,Harvey White,eng ENG,MF,Tottenham,21-140,2001,1,0,5,0.1,0,0,0,0,0,0,0,0,0,0,0,0,0,0,1,0,0,0,0,0,0,0,0,0,0,Matches,4d90ce8c
513,Neco Williams,wls WAL,DF,Nott'ham Forest,21-299,2001,21,13,1215,13.5,0,0,0,0,0,0,4,0,1,1,1.3,2.3,34,21,52,0,0,0,0,0,0.07,0.1,0.17,0.07,0.17,Matches,dd323728
514,Willian,br BRA,FW,Fulham,34-181,1988,15,13,1134,12.6,2,2,4,2,0,0,0,0,2.3,2.3,2,4.3,52,68,73,0.16,0.16,0.32,0.16,0.32,0.18,0.16,0.34,0.18,0.34,Matches,8b9ebd03
515,Joe Willock,eng ENG,MF,Newcastle Utd,23-170,1999,21,19,1564,17.4,2,2,4,2,0,0,1,0,3.3,3.3,3.4,6.7,56,70,86,0.12,0.12,0.23,0.12,0.23,0.19,0.2,0.39,0.19,0.39,Matches,a3b03921
516,Callum Wilson,eng ENG,FW,Newcastle Utd,30-344,1992,16,14,1128,12.5,7,3,10,6,1,1,3,0,7.9,7.1,1.5,8.5,20,13,75,0.56,0.24,0.8,0.48,0.72,0.63,0.12,0.74,0.56,0.68,Matches,c596fcb0
517,Harry Wilson,wls WAL,FW,Fulham,25-321,1997,13,3,347,3.9,0,0,0,0,0,0,1,0,1.1,1.1,0.1,1.2,7,13,32,0,0,0,0,0,0.27,0.03,0.31,0.27,0.31,Matches,c6dc9ecd
518,Yoane Wissa,cd COD,FW,Brentford,26-156,1996,21,9,917,10.2,4,2,6,4,0,0,2,0,3.3,3.3,2.2,5.4,12,19,62,0.39,0.2,0.59,0.39,0.59,0.32,0.21,0.53,0.32,0.53,Matches,2500cef9
519,Maximilian Wöber,at AUT,DF,Leeds United,25-002,1998,3,2,205,2.3,0,0,0,0,0,0,1,0,0.2,0.2,0,0.2,5,19,1,0,0,0,0,0,0.08,0,0.08,0.08,0.08,Matches,4b803b3c
520,Chris Wood,nz NZL,FW,Nott'ham Forest,31-061,1991,2,2,146,1.6,0,0,0,0,0,0,0,0,0,0,0,0,0,2,6,0,0,0,0,0,0,0.03,0.03,0,0.03,Matches,4e9a0555
521,Chris Wood,nz NZL,FW,Newcastle Utd,31-061,1991,18,4,446,5,2,0,2,1,1,1,0,0,1.8,1,0.3,1.3,1,4,23,0.4,0,0.4,0.2,0.2,0.37,0.06,0.43,0.21,0.27,Matches,4e9a0555
522,Joe Worrall,eng ENG,DF,Nott'ham Forest,26-027,1997,16,12,1167,13,0,0,0,0,0,0,5,0,0.2,0.2,0.5,0.7,3,40,0,0,0,0,0,0,0.02,0.04,0.05,0.02,0.05,Matches,a5212312
523,Granit Xhaka,ch SUI,MF,Arsenal,30-132,1992,20,20,1706,19,3,5,8,3,0,0,3,0,2.1,2.1,3.8,5.8,22,124,105,0.16,0.26,0.42,0.16,0.42,0.11,0.2,0.31,0.11,0.31,Matches,e61b8aee
524,Ryan Yates,eng ENG,MF,Nott'ham Forest,25-077,1997,18,16,1392,15.5,0,1,1,0,0,0,4,0,2.2,2.2,1.1,3.3,8,36,20,0,0.06,0.06,0,0.06,0.14,0.07,0.21,0.14,0.21,Matches,c1fe2a48
525,Ashley Young,eng ENG,DF,Aston Villa,37-212,1985,17,13,1192,13.2,1,0,1,1,0,0,3,0,0.2,0.2,0.8,1,16,67,28,0.08,0,0.08,0.08,0.08,0.02,0.06,0.07,0.02,0.07,Matches,be927d03
526,Wilfried Zaha,ci CIV,FWMF,Crystal Palace,30-088,1992,19,19,1661,18.5,6,2,8,6,0,2,3,0,5.1,3.3,2.4,5.7,54,45,171,0.33,0.11,0.43,0.33,0.43,0.27,0.13,0.4,0.18,0.31,Matches,b2bc3b1f
527,Denis Zakaria,ch SUI,MF,Chelsea,26-078,1996,4,4,286,3.2,0,0,0,0,0,0,0,0,0.2,0.2,0,0.2,6,4,2,0,0,0,0,0,0.06,0,0.06,0.06,0.06,Matches,384d58d9
528,Jordan Zemura,zw ZIM,DF,Bournemouth,23-084,1999,15,13,1127,12.5,0,1,1,0,0,0,1,0,0.4,0.4,1.8,2.2,32,33,37,0,0.08,0.08,0,0.08,0.03,0.15,0.18,0.03,0.18,Matches,e8271ad9
529,Oleksandr Zinchenko,ua UKR,DF,Arsenal,26-053,1996,13,12,991,11,0,1,1,0,0,0,2,0,0.8,0.8,0.6,1.4,27,108,30,0,0.09,0.09,0,0.09,0.07,0.05,0.12,0.07,0.12,Matches,51cf8561
530,Hakim Ziyech,ma MAR,FWMF,Chelsea,29-324,1993,11,5,487,5.4,0,1,1,0,0,0,0,0,0.5,0.5,1.4,1.9,12,31,51,0,0.18,0.18,0,0.18,0.1,0.26,0.35,0.1,0.35,Matches,6622454d
531,Kurt Zouma,fr FRA,DF,West Ham,28-102,1994,15,15,1274,14.2,1,0,1,1,0,0,0,0,1.1,1.1,0,1.1,1,16,1,0.07,0,0.07,0.07,0.07,0.08,0,0.08,0.08,0.08,Matches,ce4246f5
